client,mode,price,crate,dbeach,dpier,dprivate,dcharter,pbeach,ppier,pprivate,pcharter,qbeach,qpier,qprivate,qcharter,income,charter,pratio,lnrelp
1,4,182.92999,0.53909999,0,0,0,1,157.92999,157.92999,157.92999,182.92999,0.0678,0.050299998,0.26010001,0.53909999,7083.3315,1,14.69516778,0.146951678
2,4,34.534,0.46709999,0,0,0,1,15.114,15.114,10.534,34.534,0.1049,0.0451,0.1574,0.46709999,1249.9998,1,82.63228794,0.826322879
4,2,15.134,0.078900002,0,1,0,0,15.134,15.134,55.93,84.93,0.0678,0.078900002,0.16429999,0.53909999,2083.3333,0,172.488352,1.72488352
6,4,63.933998,0.39750001,0,0,0,1,192.474,192.474,28.934,63.933998,0.53329998,0.4522,0.1665,0.39750001,4583.332,1,-110.210981,-1.10210981
8,4,56.714001,0.0209,0,0,0,1,15.134,15.134,21.714001,56.714001,0.0678,0.078900002,0.0102,0.0209,2083.3333,1,132.1077243,1.321077243
11,2,34.914001,0.0451,0,1,0,0,34.914001,34.914001,24.334,48.334,0.1049,0.0451,0.1574,0.46709999,3750,0,32.52473232,0.325247323
13,2,17.862,0.0451,0,1,0,0,17.862,17.862,4.1220002,28.122,0.1049,0.0451,0.0023,0.0046,1249.9998,0,45.38766369,0.453876637
14,2,15.134,0.078900002,0,1,0,0,15.134,15.134,55.93,84.93,0.0678,0.078900002,0.0014,0.0029,2083.3333,0,172.488352,1.72488352
16,2,33.534,0.078900002,0,1,0,0,33.534,33.534,123.93,152.92999,0.0678,0.078900002,0.16429999,0.53909999,5416.6665,0,151.7420385,1.517420385
18,2,33.462002,0.0079,0,1,0,0,33.462002,33.462002,7.7220001,31.722,0.1049,0.0079,0.061299998,0.3087,2916.6665,0,-5.340007992,-0.05340008
21,4,53.521999,0.0058,0,0,0,1,345.74399,345.74399,18.521999,53.521999,0.53329998,0.4522,0.0156,0.0058,7916.6665,1,-186.5605822,-1.865605822
22,4,44.321999,0.0046,0,0,0,1,88.061996,88.061996,20.322001,44.321999,0.1049,0.0451,0.0023,0.0046,8750.001,1,-68.65599212,-0.686559921
24,4,43.734001,0.3087,0,0,0,1,28.313999,28.313999,19.733999,43.734001,0.1049,0.0079,0.061299998,0.3087,2916.6665,1,43.47695078,0.434769508
25,4,69.32,0.64560002,0,0,0,1,33.462002,33.462002,34.32,69.32,0.0678,0.078900002,0.0559,0.64560002,2916.6665,1,72.83229384,0.728322938
27,2,50.32,0.0451,0,1,0,0,50.32,50.32,49.062,73.061996,0.1049,0.0451,0.1574,0.46709999,4583.332,0,37.29057286,0.372905729
29,4,45.534,0.0058,0,0,0,1,70.073997,70.073997,10.534,45.534,0.53329998,0.4522,0.0156,0.0058,1249.9998,1,-43.10924841,-0.431092484
30,4,54.734001,0.0058,0,0,0,1,131.274,131.274,19.733999,54.734001,0.53329998,0.4522,0.0156,0.0058,2916.6665,1,-87.48016351,-0.874801635
31,4,43.734001,0.0046,0,0,0,1,28.313999,28.313999,19.733999,43.734001,0.1049,0.0451,0.0023,0.0046,2916.6665,1,43.47695078,0.434769508
32,4,35.321999,0.3087,0,0,0,1,49.062,49.062,11.322,35.321999,0.1049,0.0079,0.061299998,0.3087,4583.332,1,-32.85788334,-0.328578833
35,2,25.662001,0.0079,0,1,0,0,25.662001,25.662001,5.9219999,29.922001,0.1049,0.0079,0.061299998,0.3087,2083.3333,0,15.35826918,0.153582692
36,4,42.722,0.42160001,0,0,0,1,144.144,144.144,7.7220001,42.722,0.53329998,0.0069,0.0361,0.42160001,2916.6665,1,-121.609879,-1.21609879
37,2,120.004,0.078900002,0,1,0,0,120.004,120.004,252.64,281.64001,0.0678,0.078900002,0.0014,0.0029,12499.998,0,85.31046196,0.85310462
39,4,60.004002,0.0058,0,0,0,1,115.808,115.808,25.004,60.004002,0.53329998,0.4522,0.0156,0.0058,2083.3333,1,-65.75223874,-0.657522387
40,2,32.604,0.078900002,0,1,0,0,32.604,32.604,68.639999,97.639999,0.0678,0.078900002,0.16429999,0.53909999,2916.6665,0,109.6852255,1.096852255
42,4,89.912003,1.0905,0,0,0,1,10.296,10.296,54.911999,89.912003,0.0678,0.078900002,0.089699998,1.0905,2916.6665,1,216.7075977,2.167075977
44,4,211.20799,2.3101001,0,0,0,1,59.248001,59.248001,186.20799,211.20799,0.25369999,0.1498,0.73689997,2.3101001,3750,1,127.1111342,1.271111342
45,4,50.096001,1.0266,0,0,0,1,231.472,231.472,15.096,50.096001,0.53329998,0.4522,0.2413,1.0266,4583.332,1,-153.0517731,-1.530517731
46,2,19.896,0.078900002,0,1,0,0,19.896,19.896,89.531998,118.532,0.0678,0.078900002,0.0014,0.0029,6250.0015,0,178.466426,1.78466426
47,4,57.296001,1.0266,0,0,0,1,341.87201,341.87201,22.296,57.296001,0.53329998,0.4522,0.2413,1.0266,7083.3315,1,-178.6205597,-1.786205597
48,4,52.403999,1.0266,0,0,0,1,80.608002,80.608002,17.403999,52.403999,0.53329998,0.4522,0.2413,1.0266,1249.9998,1,-43.06150198,-0.43061502
51,4,44.521999,0.0058,0,0,0,1,177.744,177.744,9.5220003,44.521999,0.53329998,0.4522,0.0156,0.0058,3750,1,-138.4360886,-1.384360886
52,2,5.9219999,0.078900002,0,1,0,0,5.9219999,5.9219999,48.692001,77.692001,0.0678,0.078900002,0.16429999,0.53909999,2083.3333,0,257.4078092,2.574078092
55,4,52.933998,0.3087,0,0,0,1,41.514,41.514,28.934,52.933998,0.1049,0.0079,0.061299998,0.3087,4583.332,1,24.3015097,0.243015097
56,4,39.133999,0.0046,0,0,0,1,21.714001,21.714001,15.134,39.133999,0.1049,0.0451,0.0023,0.0046,2083.3333,1,58.90343689,0.589034369
57,4,42.722,0.0058,0,0,0,1,144.144,144.144,7.7220001,42.722,0.53329998,0.4522,0.0156,0.0058,2916.6665,1,-121.609879,-1.21609879
60,4,42.722,1.0266,0,0,0,1,144.144,144.144,7.7220001,42.722,0.53329998,0.4522,0.2413,1.0266,2916.6665,1,-121.609879,-1.21609879
61,2,5.9219999,0.078900002,0,1,0,0,5.9219999,5.9219999,48.692001,77.692001,0.0678,0.078900002,0.0014,0.0029,2083.3333,0,257.4078092,2.574078092
62,2,93.092003,0.050299998,0,1,0,0,93.092003,93.092003,93.092003,118.092,0.0678,0.050299998,0.26010001,0.53909999,4583.332,0,23.7875698,0.237875698
63,4,44.521999,0.42160001,0,0,0,1,177.744,177.744,9.5220003,44.521999,0.53329998,0.0069,0.0361,0.42160001,3750,1,-138.4360886,-1.384360886
65,2,9.5220003,0.078900002,0,1,0,0,9.5220003,9.5220003,78.292,107.292,0.0678,0.078900002,0.16429999,0.53909999,3750,0,242.1949147,2.421949147
66,4,39.122002,1.0266,0,0,0,1,76.944,76.944,4.1220002,39.122002,0.53329998,0.4522,0.2413,1.0266,1249.9998,1,-67.63928648,-0.676392865
68,4,44.521999,0.39750001,0,0,0,1,177.744,177.744,9.5220003,44.521999,0.53329998,0.4522,0.1665,0.39750001,3750,1,-138.4360886,-1.384360886
70,2,33.462002,0.0451,0,1,0,0,33.462002,33.462002,7.7220001,31.722,0.1049,0.0451,0.1574,0.46709999,2916.6665,0,-5.340007992,-0.05340008
72,4,60.661999,0.0209,0,0,0,1,5.9219999,5.9219999,25.662001,60.661999,0.0678,0.078900002,0.0102,0.0209,2083.3333,1,232.6643243,2.326643243
73,4,53.521999,0.39750001,0,0,0,1,345.74399,345.74399,18.521999,53.521999,0.53329998,0.4522,0.1665,0.39750001,7916.6665,1,-186.5605822,-1.865605822
79,4,42.722,0.42160001,0,0,0,1,144.144,144.144,7.7220001,42.722,0.53329998,0.0069,0.0361,0.42160001,2916.6665,1,-121.609879,-1.21609879
81,4,39.122002,0.0058,0,0,0,1,76.944,76.944,4.1220002,39.122002,0.53329998,0.4522,0.0156,0.0058,1249.9998,1,-67.63928648,-0.676392865
85,4,51.962002,0.2773,0,0,0,1,33.462002,33.462002,33.462002,51.962002,0.25369999,0.0014,0.062600002,0.2773,2916.6665,1,44.01021943,0.440102194
87,4,89.713997,0.64560002,0,0,0,1,38.133999,38.133999,54.714001,89.713997,0.0678,0.078900002,0.0559,0.64560002,6250.0015,1,85.55205528,0.855520553
89,2,100.674,0.4522,0,1,0,0,100.674,100.674,15.134,50.133999,0.53329998,0.4522,0.2413,1.0266,2083.3333,0,-69.71881731,-0.697188173
90,2,104.214,0.1498,0,1,0,0,104.214,104.214,104.214,122.714,0.25369999,0.1498,0.2339,0.62879997,12499.998,0,16.34099673,0.163409967
91,4,59.334,0.0058,0,0,0,1,161.87399,161.87399,24.334,59.334,0.53329998,0.4522,0.0156,0.0058,3750,1,-100.3635696,-1.003635696
92,4,57.534,0.46709999,0,0,0,1,48.113998,48.113998,33.534,57.534,0.1049,0.0451,0.1574,0.46709999,5416.6665,1,17.88029239,0.178802924
94,4,109.32,0.0209,0,0,0,1,72.461998,72.461998,74.32,109.32,0.0678,0.078900002,0.0102,0.0209,7083.3315,1,41.12171021,0.411217102
96,4,93.32,0.0209,0,0,0,1,56.862,56.862,58.32,93.32,0.0678,0.078900002,0.0102,0.0209,5416.6665,1,49.54071674,0.495407167
98,4,79.239998,0.1726,0,0,0,1,210.56599,210.56599,49.740002,79.239998,0.0678,0.0052,0.073200002,0.1726,6250.0015,1,-97.73178991,-0.977317899
99,2,43.740002,0.1498,0,1,0,0,43.740002,43.740002,52.487999,70.987999,0.25369999,0.1498,0.2339,0.62879997,5416.6665,0,48.42477736,0.484247774
102,2,31.74,0.1498,0,1,0,0,31.74,31.74,38.088001,56.588001,0.25369999,0.1498,0.2339,0.62879997,3750,0,57.82192512,0.578219251
103,4,60.740002,0.2377,0,0,0,1,55.77,55.77,25.74,60.740002,0.0678,0.0025,0.0108,0.2377,2916.6665,1,8.536640214,0.085366402
104,4,54.740002,0.64560002,0,0,0,1,42.77,42.77,19.74,54.740002,0.0678,0.078900002,0.0559,0.64560002,2083.3333,1,24.67578179,0.246757818
105,4,91.239998,0.1726,0,0,0,1,261.366,261.366,61.740002,91.239998,0.0678,0.0052,0.073200002,0.1726,7916.6665,1,-105.2428348,-1.052428348
106,4,181.77,0.39750001,0,0,0,1,268.702,268.702,146.77,181.77,0.53329998,0.4522,0.1665,0.39750001,8750.001,1,-39.08608072,-0.390860807
107,4,246.10201,2.3013999,0,0,0,1,55.740002,55.740002,221.10201,246.10201,0.25369999,0.1498,0.68169999,2.3013999,7083.3315,1,148.5048067,1.485048067
108,4,67.239998,0.1726,0,0,0,1,159.76601,159.76601,37.740002,67.239998,0.0678,0.0052,0.073200002,0.1726,4583.332,1,-86.54420285,-0.865442029
109,2,16.77,0.078900002,0,1,0,0,16.77,16.77,32.765999,61.765999,0.0678,0.078900002,0.16429999,0.53909999,416.66669,0,130.3761459,1.303761459
112,4,61.32,0.2377,0,0,0,1,25.662001,25.662001,26.32,61.32,0.0678,0.0025,0.0108,0.2377,2083.3333,1,87.10947166,0.871094717
113,4,47.82,0.1726,0,0,0,1,46.257999,46.257999,18.32,47.82,0.0678,0.0052,0.073200002,0.1726,1249.9998,1,3.320956167,0.033209562
115,4,101.32,0.64560002,0,0,0,1,64.662003,64.662003,66.32,101.32,0.0678,0.078900002,0.0559,0.64560002,6250.0015,1,44.91100759,0.449110076
116,4,65.262001,0.46709999,0,0,0,1,42.32,42.32,41.262001,65.262001,0.1049,0.0451,0.1574,0.46709999,3750,1,43.31501651,0.433150165
118,4,108.002,0.0209,0,0,0,1,77.234001,77.234001,73.001999,108.002,0.0678,0.078900002,0.0102,0.0209,3750,1,33.53099579,0.335309958
119,4,97.634003,1.0266,0,0,0,1,150.14999,150.14999,62.633999,97.634003,0.53329998,0.4522,0.2413,1.0266,2916.6665,1,-43.04089037,-0.430408904
120,4,296.552,0.0041,0,0,0,1,135.634,135.634,267.552,296.552,0.0678,0.078900002,0.16429999,0.0041,7083.3315,1,78.22625009,0.782262501
123,4,60.740002,1.0905,0,0,0,1,55.77,55.77,25.74,60.740002,0.0678,0.078900002,0.089699998,1.0905,2916.6665,1,8.536640214,0.085366402
126,4,102.74,0.0209,0,0,0,1,146.77,146.77,67.739998,102.74,0.0678,0.078900002,0.0102,0.0209,8750.001,1,-35.66652106,-0.356665211
127,2,55.740002,0.1498,0,1,0,0,55.740002,55.740002,66.888,85.388,0.25369999,0.1498,0.2339,0.62879997,7083.3315,0,42.65075178,0.426507518
128,4,61.240002,0.1726,0,0,0,1,134.366,134.366,31.74,61.240002,0.0678,0.0052,0.073200002,0.1726,3750,1,-78.57668164,-0.785766816
129,2,49.740002,0.1498,0,1,0,0,49.740002,49.740002,59.688,78.188004,0.25369999,0.1498,0.2339,0.62879997,6250.0015,0,45.23067557,0.452306756
132,4,84.739998,0.64560002,0,0,0,1,107.77,107.77,49.740002,84.739998,0.0678,0.078900002,0.0559,0.64560002,6250.0015,1,-24.0411605,-0.240411605
137,4,66.739998,0.2377,0,0,0,1,68.769997,68.769997,31.74,66.739998,0.0678,0.0025,0.0108,0.2377,3750,1,-2.996311635,-0.029963116
138,4,66.739998,0.64560002,0,0,0,1,68.769997,68.769997,31.74,66.739998,0.0678,0.078900002,0.0559,0.64560002,3750,1,-2.996311635,-0.029963116
139,4,52.862,0.42160001,0,0,0,1,67.783997,67.783997,17.862,52.862,0.53329998,0.0069,0.0361,0.42160001,1249.9998,1,-24.86413904,-0.24864139
140,4,84.061996,1.0266,0,0,0,1,186.18401,186.18401,49.062,84.061996,0.53329998,0.4522,0.2413,1.0266,4583.332,1,-79.51809115,-0.795180912
142,4,45.062,0.39750001,0,0,0,1,38.183998,38.183998,10.062,45.062,0.53329998,0.4522,0.1665,0.39750001,416.66669,1,16.5622792,0.165622792
144,4,85.32,0.2377,0,0,0,1,49.062,49.062,50.32,85.32,0.0678,0.0025,0.0108,0.2377,4583.332,1,55.33240892,0.553324089
146,4,84.306,0.0046,0,0,0,1,85.697998,85.697998,60.306,84.306,0.1049,0.0451,0.0023,0.0046,3750,1,-1.637642792,-0.016376428
147,4,185.198,0.2773,0,0,0,1,166.698,166.698,166.698,185.198,0.25369999,0.0014,0.062600002,0.2773,7916.6665,1,10.52417309,0.105241731
148,4,106.706,0.0058,0,0,0,1,252.858,252.858,71.706001,106.706,0.53329998,0.4522,0.0156,0.0058,4583.332,1,-86.27506772,-0.862750677
150,4,95.306,0.0058,0,0,0,1,212.658,212.658,60.306,95.306,0.53329998,0.4522,0.0156,0.0058,3750,1,-80.25924737,-0.802592474
151,4,95.306,0.0058,0,0,0,1,212.658,212.658,60.306,95.306,0.53329998,0.4522,0.0156,0.0058,3750,1,-80.25924737,-0.802592474
152,4,61.105999,0.0058,0,0,0,1,92.057999,92.057999,26.106001,61.105999,0.53329998,0.4522,0.0156,0.0058,1249.9998,1,-40.98087577,-0.409808758
158,4,73.571999,0.0046,0,0,0,1,109.35,109.35,49.571999,73.571999,0.1049,0.0451,0.0023,0.0046,5416.6665,1,-39.62892421,-0.396289242
159,2,49.571999,0.078900002,0,1,0,0,49.571999,49.571999,121.014,150.01401,0.0678,0.078900002,0.16429999,0.53909999,5416.6665,0,110.7302552,1.107302552
160,4,70.972,1.0266,0,0,0,1,206.31,206.31,35.972,70.972,0.53329998,0.4522,0.2413,1.0266,3750,1,-106.7094459,-1.067094459
161,4,77.772003,1.0266,0,0,0,1,245.31,245.31,42.771999,77.772003,0.53329998,0.4522,0.0051,1.0266,4583.332,1,-114.8741209,-1.148741209
162,4,70.972,1.0266,0,0,0,1,206.31,206.31,35.972,70.972,0.53329998,0.4522,0.2413,1.0266,3750,1,-106.7094459,-1.067094459
163,4,192.31,2.3013999,0,0,0,1,64.349998,64.349998,167.31,192.31,0.25369999,0.1498,0.68169999,2.3013999,2916.6665,1,109.477175,1.09477175
165,4,91.372002,0.42160001,0,0,0,1,323.31,323.31,56.372002,91.372002,0.53329998,0.0069,0.0361,0.42160001,6250.0015,1,-126.3672508,-1.263672508
170,4,129.414,0.53909999,0,0,0,1,104.414,104.414,104.414,129.414,0.0678,0.050299998,0.26010001,0.53909999,4583.332,1,21.46528018,0.214652802
173,4,87.900002,0.0058,0,0,0,1,243.34,243.34,52.900002,87.900002,0.53329998,0.4522,0.0156,0.0058,3750,1,-101.8259815,-1.018259815
175,4,70.972,0.42160001,0,0,0,1,206.31,206.31,35.972,70.972,0.53329998,0.0069,0.0361,0.42160001,3750,1,-106.7094459,-1.067094459
176,4,99.349998,1.0905,0,0,0,1,29.172001,29.172001,64.349998,99.349998,0.0678,0.078900002,0.089699998,1.0905,2916.6665,1,122.5439569,1.225439569
178,4,114.35,0.64560002,0,0,0,1,35.972,35.972,79.349998,114.35,0.0678,0.078900002,0.0559,0.64560002,3750,1,115.6523062,1.156523062
180,4,93.849998,0.324,0,0,0,1,71.213997,71.213997,64.349998,93.849998,0.0678,0.050299998,0.1082,0.324,2916.6665,1,27.60083555,0.276008356
182,4,67.603996,1.0266,0,0,0,1,151.008,151.008,32.604,67.603996,0.53329998,0.4522,0.2413,1.0266,2916.6665,1,-80.36657218,-0.803665722
183,4,75.204002,1.0266,0,0,0,1,186.20799,186.20799,40.203999,75.204002,0.53329998,0.4522,0.2413,1.0266,3750,1,-90.66598271,-0.906659827
186,4,72.505997,1.0266,0,0,0,1,132.258,132.258,37.506001,72.505997,0.53329998,0.4522,0.2413,1.0266,2083.3333,1,-60.10852847,-0.601085285
187,4,106.706,0.42160001,0,0,0,1,252.858,252.858,71.706001,106.706,0.53329998,0.0069,0.0361,0.42160001,4583.332,1,-86.27506772,-0.862750677
190,4,127.848,0.0209,0,0,0,1,63.004002,63.004002,92.848,127.848,0.0678,0.078900002,0.0102,0.0209,6250.0015,1,70.76438101,0.70764381
191,4,117.404,0.3087,0,0,0,1,137.64799,137.64799,93.403999,117.404,0.1049,0.0079,0.061299998,0.3087,9583.3359,1,-15.90786509,-0.159078651
192,4,82.804001,1.0266,0,0,0,1,221.408,221.408,47.804001,82.804001,0.53329998,0.4522,0.0051,1.0266,4583.332,1,-98.35307718,-0.983530772
194,2,21.714001,0.1498,0,1,0,0,21.714001,21.714001,21.714001,40.214001,0.25369999,0.1498,0.2339,0.62879997,2083.3333,0,61.62579587,0.616257959
195,4,50.113998,0.0209,0,0,0,1,10.534,10.534,15.114,50.113998,0.0678,0.078900002,0.0102,0.0209,1249.9998,1,155.9692249,1.559692249
196,4,70.972,1.0266,0,0,0,1,206.31,206.31,35.972,70.972,0.53329998,0.4522,0.2413,1.0266,3750,1,-106.7094459,-1.067094459
197,4,106.706,0.39750001,0,0,0,1,252.858,252.858,71.706001,106.706,0.53329998,0.4522,0.1665,0.39750001,4583.332,1,-86.27506772,-0.862750677
198,2,75.503998,0.050299998,0,1,0,0,75.503998,75.503998,75.503998,100.504,0.0678,0.050299998,0.26010001,0.53909999,2916.6665,0,28.60119192,0.286011919
199,4,72.098,0.2377,0,0,0,1,26.106001,26.106001,37.098,72.098,0.0678,0.0025,0.0108,0.2377,1249.9998,1,101.5861093,1.015861093
200,4,50.397999,0.1176,0,0,0,1,22.704,22.704,20.898001,50.397999,0.0678,0.050299998,0.0016,0.1176,416.66669,1,79.74103515,0.797410351
203,4,163.70599,0.42160001,0,0,0,1,453.858,453.858,128.70599,163.70599,0.53329998,0.0069,0.0361,0.42160001,8750.001,1,-101.9712299,-1.019712299
204,2,26.106001,0.0025,0,1,0,0,26.106001,26.106001,40.304001,69.304001,0.0678,0.0025,0.049899999,0.2421,1249.9998,0,97.63374277,0.976337428
205,4,72.505997,1.0266,0,0,0,1,132.258,132.258,37.506001,72.505997,0.53329998,0.4522,0.2413,1.0266,2083.3333,1,-60.10852847,-0.601085285
209,4,141.64,0.0029,0,0,0,1,116.64,116.64,116.64,141.64,0.0678,0.050299998,0.0276,0.0029,5416.6665,1,19.4196359,0.194196359
210,2,47.804001,0.078900002,0,1,0,0,47.804001,47.804001,100.64,129.64,0.0678,0.078900002,0.0014,0.0029,4583.332,0,99.76520393,0.997652039
211,4,52.403999,1.0266,0,0,0,1,80.608002,80.608002,17.403999,52.403999,0.53329998,0.4522,0.2413,1.0266,1249.9998,1,-43.06150198,-0.43061502
212,4,387.20801,2.3013999,0,0,0,1,115.248,115.248,362.20801,387.20801,0.25369999,0.1498,0.68169999,2.3013999,7916.6665,1,121.1875714,1.211875714
213,4,98.003998,0.0058,0,0,0,1,291.80801,291.80801,63.004002,98.003998,0.53329998,0.4522,0.0156,0.0058,6250.0015,1,-109.1087812,-1.091087812
214,2,32.604,0.078900002,0,1,0,0,32.604,32.604,68.639999,97.639999,0.0678,0.078900002,0.16429999,0.53909999,2916.6665,0,109.6852255,1.096852255
215,4,61.639999,0.2421,0,0,0,1,36.639999,36.639999,36.639999,61.639999,0.0678,0.0052,0.14910001,0.2421,1249.9998,1,52.01704817,0.520170482
216,4,40.933998,1.0266,0,0,0,1,39.473999,39.473999,5.934,40.933998,0.53329998,0.4522,0.2413,1.0266,416.66669,1,3.63187627,0.036318763
218,4,50.133999,0.0058,0,0,0,1,100.674,100.674,15.134,50.133999,0.53329998,0.4522,0.0156,0.0058,2083.3333,1,-69.71881731,-0.697188173
219,4,68.533997,0.0058,0,0,0,1,223.07401,223.07401,33.534,68.533997,0.53329998,0.4522,0.0156,0.0058,5416.6665,1,-118.0173671,-1.180173671
220,4,59.334,0.0058,0,0,0,1,161.87399,161.87399,24.334,59.334,0.53329998,0.4522,0.0156,0.0058,3750,1,-100.3635696,-1.003635696
221,4,163.70599,1.0266,0,0,0,1,453.858,453.858,128.70599,163.70599,0.53329998,0.4522,0.2413,1.0266,8750.001,1,-101.9712299,-1.019712299
222,4,106.706,0.0058,0,0,0,1,252.858,252.858,71.706001,106.706,0.53329998,0.4522,0.0156,0.0058,4583.332,1,-86.27506772,-0.862750677
224,4,139.70399,0.1648,0,0,0,1,71.706001,71.706001,110.704,139.70399,0.0678,0.078900002,0.097099997,0.1648,4583.332,1,66.6951387,0.666951387
226,4,79.403999,0.46709999,0,0,0,1,81.648003,81.648003,55.403999,79.403999,0.1049,0.0451,0.1574,0.46709999,5416.6665,1,-2.786862884,-0.027868629
227,2,47.804001,0.078900002,0,1,0,0,47.804001,47.804001,100.64,129.64,0.0678,0.078900002,0.0014,0.0029,4583.332,0,99.76520393,0.997652039
228,4,82.804001,0.42160001,0,0,0,1,221.408,221.408,47.804001,82.804001,0.53329998,0.0069,0.0361,0.42160001,4583.332,1,-98.35307718,-0.983530772
229,4,50.113998,0.0209,0,0,0,1,10.534,10.534,15.114,50.113998,0.0678,0.078900002,0.0102,0.0209,1249.9998,1,155.9692249,1.559692249
230,2,5.9219999,0.050299998,0,1,0,0,5.9219999,5.9219999,5.9219999,30.922001,0.0678,0.050299998,0.26010001,0.53909999,2083.3333,0,165.2793724,1.652793724
231,2,11.322,0.050299998,0,1,0,0,11.322,11.322,11.322,36.321999,0.0678,0.050299998,0.0276,0.0029,4583.332,0,116.5675855,1.165675855
232,2,6.29,0.078900002,0,1,0,0,6.29,6.29,6.29,35.290001,0.0678,0.078900002,0.16429999,0.53909999,4583.332,0,172.4638595,1.724638595
234,4,42.986,0.1648,0,0,0,1,17.986,17.986,17.986,42.986,0.0678,0.050299998,0.023,0.1648,3750,1,87.12808038,0.871280804
235,4,46.986,0.53909999,0,0,0,1,17.986,17.986,17.986,46.986,0.0678,0.078900002,0.16429999,0.53909999,3750,1,96.02560075,0.960256008
241,2,9.5220003,0.050299998,0,1,0,0,9.5220003,9.5220003,9.5220003,34.521999,0.0678,0.050299998,0.0276,0.0029,3750,0,128.7991831,1.287991831
246,4,33.580002,0.2421,0,0,0,1,8.5799999,8.5799999,8.5799999,33.580002,0.0678,0.0052,0.14910001,0.2421,2916.6665,1,136.4496809,1.364496809
247,4,41.580002,0.2421,0,0,0,1,56.610001,56.610001,12.58,41.580002,0.0678,0.0025,0.049899999,0.2421,4583.332,1,-30.85663352,-0.308566335
248,4,43.580002,0.53909999,0,0,0,1,18.58,18.58,18.58,43.580002,0.0678,0.050299998,0.26010001,0.53909999,7083.3315,1,85.2512642,0.852512642
249,2,8.5799999,0.050299998,0,1,0,0,8.5799999,8.5799999,8.5799999,33.580002,0.0678,0.050299998,0.26010001,0.53909999,2916.6665,0,136.4496809,1.364496809
251,4,35.580002,0.2421,0,0,0,1,29.610001,29.610001,6.5799999,35.580002,0.0678,0.0025,0.049899999,0.2421,2083.3333,1,18.36715626,0.183671563
253,4,29.58,0.1648,0,0,0,1,4.5799999,4.5799999,4.5799999,29.58,0.0678,0.050299998,0.023,0.1648,1249.9998,1,186.5399481,1.865399481
256,4,49.785999,0.2421,0,0,0,1,24.785999,24.785999,24.785999,49.785999,0.0678,0.0052,0.14910001,0.2421,5416.6665,1,69.74548626,0.697454863
257,2,13.818,0.0025,0,1,0,0,13.818,13.818,13.818,42.818001,0.0678,0.0025,0.049899999,0.2421,2083.3333,0,113.0986508,1.130986508
258,4,59.618,0.53909999,0,0,0,1,30.618,30.618,30.618,59.618,0.0678,0.078900002,0.16429999,0.53909999,5416.6665,1,66.63694706,0.666369471
261,4,33.290001,0.1648,0,0,0,1,4.29,4.29,4.29,33.290001,0.0678,0.078900002,0.097099997,0.1648,2916.6665,1,204.8970349,2.048970349
263,2,5.9219999,0.050299998,0,1,0,0,5.9219999,5.9219999,5.9219999,30.922001,0.0678,0.050299998,0.0276,0.0029,2083.3333,0,165.2793724,1.652793724
266,2,15.87,0.050299998,0,1,0,0,15.87,15.87,15.87,40.869999,0.0678,0.050299998,0.0276,0.0029,3750,0,94.59657386,0.945965739
270,2,6.5799999,0.050299998,0,1,0,0,6.5799999,6.5799999,6.5799999,31.58,0.0678,0.050299998,0.26010001,0.53909999,2083.3333,0,156.8489279,1.568489279
271,4,32.722,0.0029,0,0,0,1,7.7220001,7.7220001,7.7220001,32.722,0.0678,0.050299998,0.0276,0.0029,2916.6665,1,144.3974224,1.443974224
273,4,30.290001,0.0029,0,0,0,1,5.29,5.29,5.29,30.290001,0.0678,0.050299998,0.0276,0.0029,3750,1,174.4999412,1.744999412
275,4,34.290001,0.1648,0,0,0,1,5.29,5.29,5.29,34.290001,0.0678,0.078900002,0.097099997,0.1648,3750,1,186.903555,1.86903555
276,2,2.29,0.078900002,0,1,0,0,2.29,2.29,2.29,31.290001,0.0678,0.078900002,0.097099997,0.1648,1249.9998,0,261.4746772,2.614746772
278,4,36.290001,0.0029,0,0,0,1,7.29,7.29,7.29,36.290001,0.0678,0.078900002,0.0014,0.0029,5416.6665,1,160.5038703,1.605038703
280,4,39.290001,1.0266,0,0,0,1,214.5,214.5,4.29,39.290001,0.53329998,0.4522,0.2413,1.0266,2916.6665,1,-169.7339679,-1.697339679
281,4,29.290001,0.1648,0,0,0,1,4.29,4.29,4.29,29.290001,0.0678,0.050299998,0.023,0.1648,2916.6665,1,192.0959462,1.920959462
282,4,31.290001,0.3087,0,0,0,1,166.21201,166.21201,7.29,31.290001,0.1049,0.0079,0.061299998,0.3087,5416.6665,1,-166.9965553,-1.669965553
283,4,35.290001,0.1648,0,0,0,1,6.29,6.29,6.29,35.290001,0.0678,0.078900002,0.097099997,0.1648,4583.332,1,172.4638595,1.724638595
285,4,38.290001,0.42160001,0,0,0,1,164.5,164.5,3.29,38.290001,0.53329998,0.0069,0.0361,0.42160001,2083.3333,1,-145.7721779,-1.457721779
286,4,33.290001,0.2421,0,0,0,1,4.29,4.29,4.29,33.290001,0.0678,0.0025,0.049899999,0.2421,2916.6665,1,204.8970349,2.048970349
287,4,37.290001,1.0266,0,0,0,1,114.5,114.5,2.29,37.290001,0.53329998,0.4522,0.2413,1.0266,1249.9998,1,-112.1849602,-1.121849602
288,2,2.29,0.078900002,0,1,0,0,2.29,2.29,2.29,31.290001,0.0678,0.078900002,0.16429999,0.53909999,1249.9998,0,261.4746772,2.614746772
289,2,75.012001,0.1498,0,1,0,0,75.012001,75.012001,75.012001,93.512001,0.25369999,0.1498,0.0233,0.0219,2083.3333,0,22.04416669,0.220441667
290,2,4.29,0.078900002,0,1,0,0,4.29,4.29,4.29,33.290001,0.0678,0.078900002,0.16429999,0.53909999,2916.6665,0,204.8970349,2.048970349
293,4,35.869999,0.1648,0,0,0,1,11.45,11.45,6.8699999,35.869999,0.0678,0.078900002,0.097099997,0.1648,1249.9998,1,114.1911534,1.141911534
294,4,47.869999,0.53909999,0,0,0,1,31.450001,31.450001,18.870001,47.869999,0.0678,0.078900002,0.16429999,0.53909999,4583.332,1,42.00899676,0.420089968
295,4,58.869999,0.53909999,0,0,0,1,33.869999,33.869999,33.869999,58.869999,0.0678,0.050299998,0.26010001,0.53909999,8750.001,1,55.28019687,0.552801969
297,4,42.290001,1.0266,0,0,0,1,364.5,364.5,7.29,42.290001,0.53329998,0.4522,0.0051,1.0266,5416.6665,1,-215.3975876,-2.153975876
298,4,41.290001,1.0266,0,0,0,1,314.5,314.5,6.29,41.290001,0.53329998,0.4522,0.2413,1.0266,4583.332,1,-203.0363712,-2.030363712
299,4,30.290001,0.1648,0,0,0,1,5.29,5.29,5.29,30.290001,0.0678,0.050299998,0.023,0.1648,3750,1,174.4999412,1.744999412
301,4,36.290001,0.1648,0,0,0,1,7.29,7.29,7.29,36.290001,0.0678,0.078900002,0.097099997,0.1648,5416.6665,1,160.5038703,1.605038703
303,2,3.29,0.050299998,0,1,0,0,3.29,3.29,3.29,28.290001,0.0678,0.050299998,0.0276,0.0029,2083.3333,0,215.1620856,2.151620856
305,4,35.580002,0.0029,0,0,0,1,10.58,10.58,10.58,35.580002,0.0678,0.050299998,0.0276,0.0029,3750,1,121.2818312,1.212818312
309,4,37.580002,0.2421,0,0,0,1,38.610001,38.610001,8.5799999,37.580002,0.0678,0.0025,0.049899999,0.2421,2916.6665,1,-2.703928897,-0.027039289
310,4,29.290001,0.53909999,0,0,0,1,4.29,4.29,4.29,29.290001,0.0678,0.050299998,0.26010001,0.53909999,2916.6665,1,192.0959462,1.920959462
312,4,27.290001,0.0046,0,0,0,1,75.012001,75.012001,3.29,27.290001,0.1049,0.0451,0.0023,0.0046,2083.3333,1,-101.1127743,-1.011127743
315,4,30.290001,0.46709999,0,0,0,1,143.412,143.412,6.29,30.290001,0.1049,0.0451,0.1574,0.46709999,4583.332,1,-155.4903949,-1.554903949
316,4,29.290001,0.2421,0,0,0,1,4.29,4.29,4.29,29.290001,0.0678,0.0052,0.14910001,0.2421,2916.6665,1,192.0959462,1.920959462
317,4,35.290001,0.53909999,0,0,0,1,6.29,6.29,6.29,35.290001,0.0678,0.078900002,0.16429999,0.53909999,4583.332,1,172.4638595,1.724638595
319,4,29.290001,0.0029,0,0,0,1,4.29,4.29,4.29,29.290001,0.0678,0.050299998,0.0276,0.0029,2916.6665,1,192.0959462,1.920959462
320,2,3.29,0.0052,0,1,0,0,3.29,3.29,3.29,28.290001,0.0678,0.0052,0.14910001,0.2421,2083.3333,0,215.1620856,2.151620856
321,4,32.290001,0.0041,0,0,0,1,26.32,26.32,3.29,32.290001,0.0678,0.078900002,0.16429999,0.0041,2083.3333,1,20.44285093,0.204428509
322,2,4.29,0.050299998,0,1,0,0,4.29,4.29,4.29,29.290001,0.0678,0.050299998,0.26010001,0.53909999,2916.6665,0,192.0959462,1.920959462
323,2,2.29,0.050299998,0,1,0,0,2.29,2.29,2.29,27.290001,0.0678,0.050299998,0.26010001,0.53909999,1249.9998,0,247.7968554,2.477968554
324,2,2.29,0.050299998,0,1,0,0,2.29,2.29,2.29,27.290001,0.0678,0.050299998,0.26010001,0.53909999,1249.9998,0,247.7968554,2.477968554
328,2,13.29,0.050299998,0,1,0,0,13.29,13.29,13.29,38.290001,0.0678,0.050299998,0.26010001,0.53909999,10416.666,0,105.8176919,1.058176919
331,4,32.290001,0.1648,0,0,0,1,26.32,26.32,3.29,32.290001,0.0678,0.078900002,0.097099997,0.1648,2083.3333,1,20.44285093,0.204428509
334,4,45.580002,0.2421,0,0,0,1,74.610001,74.610001,16.58,45.580002,0.0678,0.0025,0.049899999,0.2421,6250.0015,1,-49.28054922,-0.492805492
335,2,4.29,0.050299998,0,1,0,0,4.29,4.29,4.29,29.290001,0.0678,0.050299998,0.26010001,0.53909999,2916.6665,0,192.0959462,1.920959462
336,4,31.290001,0.53909999,0,0,0,1,6.29,6.29,6.29,31.290001,0.0678,0.050299998,0.26010001,0.53909999,4583.332,1,160.4337519,1.604337519
338,2,5.29,0.050299998,0,1,0,0,5.29,5.29,5.29,30.290001,0.0678,0.050299998,0.0276,0.0029,3750,0,174.4999412,1.744999412
342,4,31.290001,0.0029,0,0,0,1,6.29,6.29,6.29,31.290001,0.0678,0.050299998,0.0276,0.0029,4583.332,1,160.4337519,1.604337519
347,4,58.32,0.3087,0,0,0,1,132.132,132.132,34.32,58.32,0.1049,0.0079,0.061299998,0.3087,2916.6665,1,-81.78563352,-0.817856335
348,4,32.290001,0.0029,0,0,0,1,26.32,26.32,3.29,32.290001,0.0678,0.078900002,0.0014,0.0029,2083.3333,1,20.44285093,0.204428509
349,4,32.290001,0.53909999,0,0,0,1,7.29,7.29,7.29,32.290001,0.0678,0.050299998,0.26010001,0.53909999,5416.6665,1,148.825407,1.48825407
353,4,46.869999,0.1648,0,0,0,1,21.870001,21.870001,21.870001,46.869999,0.0678,0.050299998,0.023,0.1648,5416.6665,1,76.22619102,0.76226191
355,4,50.386002,0.53909999,0,0,0,1,21.386,21.386,21.386,50.386002,0.0678,0.078900002,0.16429999,0.53909999,4583.332,1,85.69768961,0.856976896
356,4,76.449997,0.42160001,0,0,0,1,455.95001,455.95001,41.450001,76.449997,0.53329998,0.0069,0.0361,0.42160001,6250.0015,1,-178.5746283,-1.785746283
358,4,260.95001,0.0052,0,0,0,1,119.262,119.262,235.95,260.95001,0.25369999,0.1498,0.053100001,0.0052,2916.6665,1,78.30061028,0.783006103
361,4,56.869999,0.0041,0,0,0,1,46.450001,46.450001,27.870001,56.869999,0.0678,0.078900002,0.16429999,0.0041,7083.3315,1,20.23914569,0.202391457
363,2,4.1220002,0.050299998,0,1,0,0,4.1220002,4.1220002,4.1220002,29.122,0.0678,0.050299998,0.26010001,0.53909999,1249.9998,0,195.5155371,1.955155371
367,4,109.354,0.64560002,0,0,0,1,45.402,45.402,74.353996,109.354,0.0678,0.078900002,0.0559,0.64560002,2083.3333,1,87.90341693,0.879034169
369,4,86.753998,0.0209,0,0,0,1,31.601999,31.601999,51.754002,86.753998,0.0678,0.078900002,0.0102,0.0209,1249.9998,1,100.9856126,1.009856126
370,4,66.601997,0.42160001,0,0,0,1,106.714,106.714,31.601999,66.601997,0.53329998,0.0069,0.0361,0.42160001,1249.9998,1,-47.14177966,-0.471417797
372,2,20.898001,0.078900002,0,1,0,0,20.898001,20.898001,20.898001,49.897999,0.0678,0.078900002,0.16429999,0.53909999,416.66669,0,87.03273933,0.870327393
373,4,189.548,0.0058,0,0,0,1,393.66,393.66,154.548,189.548,0.53329998,0.4522,0.0156,0.0058,5416.6665,1,-73.0845302,-0.730845302
374,4,104.748,0.42160001,0,0,0,1,177.66,177.66,69.748001,104.748,0.53329998,0.0069,0.0361,0.42160001,2083.3333,1,-52.83141458,-0.528314146
375,4,51.832001,0.2421,0,0,0,1,26.832001,26.832001,26.832001,51.832001,0.0678,0.0052,0.14910001,0.2421,416.66669,1,65.84124961,0.658412496
376,4,135.032,0.53909999,0,0,0,1,110.032,110.032,110.032,135.032,0.0678,0.050299998,0.26010001,0.53909999,3750,1,20.47405548,0.204740555
379,4,165.832,1.0266,0,0,0,1,353.49799,353.49799,130.832,165.832,0.53329998,0.4522,0.2413,1.0266,4583.332,1,-75.69025716,-0.756902572
381,2,90.947998,0.078900002,0,1,0,0,90.947998,90.947998,90.947998,119.948,0.0678,0.078900002,0.0014,0.0029,2916.6665,0,27.67704229,0.276770423
383,4,162.49001,0.1726,0,0,0,1,90.947998,90.947998,132.99001,162.49001,0.0678,0.0052,0.073200002,0.1726,2916.6665,1,58.03286303,0.58032863
384,4,61.574001,1.0266,0,0,0,1,65.015999,65.015999,26.573999,61.574001,0.53329998,0.4522,0.2413,1.0266,416.66669,1,-5.439365831,-0.054393658
385,4,123.374,0.0058,0,0,0,1,216.216,216.216,88.374001,123.374,0.53329998,0.4522,0.0156,0.0058,2916.6665,1,-56.10575157,-0.561057516
388,2,150.174,0.078900002,0,1,0,0,150.174,150.174,170.586,199.586,0.0678,0.078900002,0.16429999,0.53909999,5416.6665,0,28.44505993,0.284450599
389,4,185.174,1.0266,0,0,0,1,367.41599,367.41599,150.174,185.174,0.53329998,0.4522,0.2413,1.0266,5416.6665,1,-68.51987703,-0.68519877
390,4,253.856,0.2377,0,0,0,1,170.774,170.774,218.856,253.856,0.0678,0.0025,0.0108,0.2377,6250.0015,1,39.64261322,0.396426132
391,4,148.256,0.64560002,0,0,0,1,88.374001,88.374001,113.256,148.256,0.0678,0.078900002,0.0559,0.64560002,2916.6665,1,51.73626892,0.517362689
393,2,129.57401,0.078900002,0,1,0,0,129.57401,129.57401,147.186,176.186,0.0678,0.078900002,0.16429999,0.53909999,4583.332,0,30.72880315,0.307288031
394,2,108.974,0.078900002,0,1,0,0,108.974,108.974,123.786,152.786,0.0678,0.078900002,0.16429999,0.53909999,3750,0,33.79289278,0.337928928
395,4,267.57401,1.0266,0,0,0,1,569.01599,569.01599,232.57401,267.57401,0.53329998,0.4522,0.2413,1.0266,8750.001,1,-75.45123347,-0.754512335
396,4,129.386,0.53909999,0,0,0,1,88.374001,88.374001,100.386,129.386,0.0678,0.078900002,0.16429999,0.53909999,2916.6665,1,38.12223645,0.381222365
397,4,164.57401,0.39750001,0,0,0,1,317.01599,317.01599,129.57401,164.57401,0.53329998,0.4522,0.1665,0.39750001,4583.332,1,-65.55918364,-0.655591836
398,4,193.448,2.3013999,0,0,0,1,106.596,106.596,168.448,193.448,0.25369999,0.1498,0.68169999,2.3013999,2083.3333,1,59.59627549,0.595962755
399,4,188.758,0.2421,0,0,0,1,140.714,140.714,159.758,188.758,0.0678,0.0025,0.049899999,0.2421,3750,1,29.37363097,0.29373631
402,4,173.59801,0.64560002,0,0,0,1,107.916,107.916,138.59801,173.59801,0.0678,0.078900002,0.0559,0.64560002,3750,1,47.53891923,0.475389192
404,4,114.254,0.42160001,0,0,0,1,266.69601,266.69601,79.253998,114.254,0.53329998,0.0069,0.0361,0.42160001,4583.332,1,-84.76854303,-0.84768543
408,4,84.306,0.0046,0,0,0,1,85.697998,85.697998,60.306,84.306,0.1049,0.0451,0.0023,0.0046,3750,1,-1.637642792,-0.016376428
409,4,95.306,0.0058,0,0,0,1,212.658,212.658,60.306,95.306,0.53329998,0.4522,0.0156,0.0058,3750,1,-80.25924737,-0.802592474
410,4,95.306,0.0058,0,0,0,1,212.658,212.658,60.306,95.306,0.53329998,0.4522,0.0156,0.0058,3750,1,-80.25924737,-0.802592474
411,4,72.905998,0.0046,0,0,0,1,69.498001,69.498001,48.905998,72.905998,0.1049,0.0451,0.0023,0.0046,2916.6665,1,4.787292315,0.047872923
415,4,95.306,0.42160001,0,0,0,1,212.658,212.658,60.306,95.306,0.53329998,0.0069,0.0361,0.42160001,3750,1,-80.25924737,-0.802592474
416,2,224.29601,0.4522,0,1,0,0,224.29601,224.29601,66.653999,101.654,0.53329998,0.4522,0.2413,1.0266,3750,0,-79.13917627,-0.791391763
417,2,34.874001,0.078900002,0,1,0,0,34.874001,34.874001,34.874001,63.874001,0.0678,0.078900002,0.16429999,0.53909999,2083.3333,0,60.51708139,0.605170814
418,4,112.274,0.0058,0,0,0,1,360.12601,360.12601,77.274002,112.274,0.53329998,0.4522,0.0156,0.0058,5416.6665,1,-116.5511686,-1.165511686
419,4,59.874001,0.0029,0,0,0,1,34.874001,34.874001,34.874001,59.874001,0.0678,0.050299998,0.0276,0.0029,2083.3333,1,54.05007763,0.540500776
420,4,91.073997,0.0058,0,0,0,1,261.32599,261.32599,56.074001,91.073997,0.53329998,0.4522,0.0156,0.0058,3750,1,-105.4096302,-1.054096302
421,4,189.73399,0.64560002,0,0,0,1,66.674004,66.674004,154.73399,189.73399,0.0678,0.078900002,0.0559,0.64560002,4583.332,1,104.5807907,1.045807907
422,4,106.274,0.1648,0,0,0,1,77.274002,77.274002,77.274002,106.274,0.0678,0.078900002,0.097099997,0.1648,5416.6665,1,31.86630916,0.318663092
423,4,143.974,1.0266,0,0,0,1,266.616,266.616,108.974,143.974,0.53329998,0.4522,0.2413,1.0266,3750,1,-61.61766932,-0.616176693
424,4,99.349998,1.0266,0,0,0,1,191.334,191.334,64.349998,99.349998,0.53329998,0.4522,0.2413,1.0266,2916.6665,1,-65.53716431,-0.655371643
426,4,99.349998,0.42160001,0,0,0,1,191.334,191.334,64.349998,99.349998,0.53329998,0.0069,0.0361,0.42160001,2916.6665,1,-65.53716431,-0.655371643
430,4,99.349998,0.39750001,0,0,0,1,191.334,191.334,64.349998,99.349998,0.53329998,0.4522,0.1665,0.39750001,2916.6665,1,-65.53716431,-0.655371643
431,4,84.349998,0.42160001,0,0,0,1,146.73399,146.73399,49.349998,84.349998,0.53329998,0.0069,0.0361,0.42160001,2083.3333,1,-55.36465704,-0.55364657
432,4,114.35,0.42160001,0,0,0,1,235.93401,235.93401,79.349998,114.35,0.53329998,0.0069,0.0361,0.42160001,3750,1,-72.42882268,-0.724288227
433,2,34.349998,0.078900002,0,1,0,0,34.349998,34.349998,38.014,67.014,0.0678,0.078900002,0.16429999,0.53909999,1249.9998,0,66.82995923,0.668299592
434,4,73.349998,0.3087,0,0,0,1,67.774002,67.774002,49.349998,73.349998,0.1049,0.0079,0.061299998,0.3087,2083.3333,1,7.906380724,0.079063807
435,2,20.152,0.078900002,0,1,0,0,20.152,20.152,20.152,49.152,0.0678,0.078900002,0.16429999,0.53909999,1249.9998,0,89.16139985,0.891613998
438,4,129.77,0.39750001,0,0,0,1,322.21799,322.21799,94.769997,129.77,0.53329998,0.4522,0.1665,0.39750001,5416.6665,1,-90.94646513,-0.909464651
440,4,94.681999,1.0266,0,0,0,1,489.80399,489.80399,59.681999,94.681999,0.53329998,0.4522,0.2413,1.0266,7916.6665,1,-164.3481393,-1.643481393
441,4,43.082001,0.3087,0,0,0,1,75.012001,75.012001,19.082001,43.082001,0.1049,0.0079,0.061299998,0.3087,2083.3333,1,-55.45428144,-0.554542814
442,4,65.681999,1.0266,0,0,0,1,251.804,251.804,30.681999,65.681999,0.53329998,0.4522,0.2413,1.0266,3750,1,-134.3826107,-1.343826107
443,4,61.481998,0.53909999,0,0,0,1,36.481998,36.481998,36.481998,61.481998,0.0678,0.050299998,0.26010001,0.53909999,4583.332,1,52.19254831,0.521925483
444,2,13.282,0.078900002,0,1,0,0,13.282,13.282,13.282,42.282001,0.0678,0.078900002,0.16429999,0.53909999,1249.9998,0,115.7951752,1.157951752
447,4,335.314,1.0266,0,0,0,1,578.04797,578.04797,300.314,335.314,0.53329998,0.4522,0.2413,1.0266,8750.001,1,-54.45894521,-0.544589452
448,4,138.114,0.46709999,0,0,0,1,138.996,138.996,114.114,138.114,0.1049,0.0451,0.1574,0.46709999,2916.6665,1,-0.636572465,-0.006365725
449,4,77.900002,0.42160001,0,0,0,1,197.34,197.34,42.900002,77.900002,0.53329998,0.0069,0.0361,0.42160001,2916.6665,1,-92.95021509,-0.929502151
451,4,158.77,0.2421,0,0,0,1,133.77,133.77,133.77,158.77,0.0678,0.0052,0.14910001,0.2421,7916.6665,1,17.13347068,0.171334707
452,2,94.769997,0.078900002,0,1,0,0,94.769997,94.769997,94.769997,123.77,0.0678,0.078900002,0.16429999,0.53909999,5416.6665,0,26.69721327,0.266972133
453,4,158.77,0.0029,0,0,0,1,133.77,133.77,133.77,158.77,0.0678,0.050299998,0.0276,0.0029,7916.6665,1,17.13347068,0.171334707
455,4,58.349998,0.3087,0,0,0,1,47.174,47.174,34.349998,58.349998,0.1049,0.0079,0.061299998,0.3087,1249.9998,1,21.26164311,0.212616431
458,4,208.35001,0.3087,0,0,0,1,253.174,253.174,184.35001,208.35001,0.1049,0.0079,0.061299998,0.3087,9583.3359,1,-19.48575935,-0.194857594
459,4,89.054001,1.0266,0,0,0,1,181.896,181.896,54.054001,89.054001,0.53329998,0.4522,0.2413,1.0266,2916.6665,1,-71.41921566,-0.714192157
462,4,107.952,1.0266,0,0,0,1,373.04999,373.04999,72.952003,107.952,0.53329998,0.4522,0.2413,1.0266,6250.0015,1,-124.0025748,-1.240025748
464,2,45.473999,0.078900002,0,1,0,0,45.473999,45.473999,45.473999,74.473999,0.0678,0.078900002,0.16429999,0.0041,2916.6665,0,49.33093457,0.493309346
465,4,92.769997,0.0046,0,0,0,1,106.858,106.858,68.769997,92.769997,0.1049,0.0451,0.0023,0.0046,3750,1,-14.1377571,-0.141377571
469,4,90.769997,1.0266,0,0,0,1,189.618,189.618,55.77,90.769997,0.53329998,0.4522,0.2413,1.0266,2916.6665,1,-73.66827205,-0.736682721
470,4,66.769997,0.3087,0,0,0,1,66.458,66.458,42.77,66.769997,0.1049,0.0079,0.061299998,0.3087,2083.3333,1,0.468366375,0.004683664
472,4,103.77,0.0058,0,0,0,1,233.81799,233.81799,68.769997,103.77,0.53329998,0.4522,0.0156,0.0058,3750,1,-81.23660806,-0.812366081
473,4,66.769997,0.046799999,0,0,0,1,66.458,66.458,42.77,66.769997,0.1049,0.0451,0.023800001,0.046799999,2083.3333,1,0.468366375,0.004683664
474,4,116.77,0.42160001,0,0,0,1,278.01801,278.01801,81.769997,116.77,0.53329998,0.0069,0.0361,0.42160001,4583.332,1,-86.74797077,-0.867479708
475,4,80.769997,0.2421,0,0,0,1,55.77,55.77,55.77,80.769997,0.0678,0.0052,0.14910001,0.2421,2916.6665,1,37.03694819,0.370369482
476,2,68.769997,0.078900002,0,1,0,0,68.769997,68.769997,68.769997,97.769997,0.0678,0.078900002,0.16429999,0.53909999,3750,0,35.18501911,0.351850191
479,4,38.282001,0.53909999,0,0,0,1,13.282,13.282,13.282,38.282001,0.0678,0.050299998,0.26010001,0.53909999,1249.9998,1,105.8570103,1.058570103
482,4,38.282001,0.1648,0,0,0,1,13.282,13.282,13.282,38.282001,0.0678,0.050299998,0.023,0.1648,1249.9998,1,105.8570103,1.058570103
483,4,174.65601,0.64560002,0,0,0,1,108.974,108.974,139.65601,174.65601,0.0678,0.078900002,0.0559,0.64560002,3750,1,47.17090607,0.471709061
484,4,123.374,0.42160001,0,0,0,1,216.216,216.216,88.374001,123.374,0.53329998,0.0069,0.0361,0.42160001,2916.6665,1,-56.10575157,-0.561057516
486,4,112.374,0.0046,0,0,0,1,113.256,113.256,88.374001,112.374,0.1049,0.0451,0.0023,0.0046,2916.6665,1,-0.781814912,-0.007818149
487,2,129.57401,0.078900002,0,1,0,0,129.57401,129.57401,147.186,176.186,0.0678,0.078900002,0.16429999,0.53909999,4583.332,0,30.72880315,0.307288031
488,4,84.349998,0.42160001,0,0,0,1,146.73399,146.73399,49.349998,84.349998,0.53329998,0.0069,0.0361,0.42160001,2083.3333,1,-55.36465704,-0.55364657
490,4,174.35001,1.0266,0,0,0,1,414.33401,414.33401,139.35001,174.35001,0.53329998,0.4522,0.2413,1.0266,7083.3315,1,-86.56076055,-0.865607606
493,4,79.666,0.53909999,0,0,0,1,41.453999,41.453999,50.666,79.666,0.0678,0.078900002,0.16429999,0.53909999,2083.3333,1,65.32585404,0.65325854
495,2,41.453999,0.0025,0,1,0,0,41.453999,41.453999,50.666,79.666,0.0678,0.0025,0.049899999,0.2421,2083.3333,0,65.32585404,0.65325854
496,2,91.853996,0.078900002,0,1,0,0,91.853996,91.853996,112.266,141.26601,0.0678,0.078900002,0.0014,0.0029,5416.6665,0,43.04443923,0.430444392
497,4,103.254,0.3087,0,0,0,1,115.736,115.736,79.253998,103.254,0.1049,0.0079,0.061299998,0.3087,4583.332,1,-11.41197633,-0.114119763
498,4,95.536003,0.64560002,0,0,0,1,41.453999,41.453999,60.535999,95.536003,0.0678,0.078900002,0.0559,0.64560002,2083.3333,1,83.49188166,0.834918817
499,4,90.036003,0.1726,0,0,0,1,50.666,50.666,60.535999,90.036003,0.0678,0.0052,0.073200002,0.1726,2083.3333,1,57.49545495,0.574954549
500,4,76.454002,0.0058,0,0,0,1,139.496,139.496,41.453999,76.454002,0.53329998,0.4522,0.0156,0.0058,2083.3333,1,-60.13466481,-0.601346648
501,4,139.45399,0.42160001,0,0,0,1,351.496,351.496,104.454,139.45399,0.53329998,0.0069,0.0361,0.42160001,6250.0015,1,-92.44636053,-0.924463605
502,2,54.054001,0.078900002,0,1,0,0,54.054001,54.054001,66.066002,95.066002,0.0678,0.078900002,0.16429999,0.53909999,2916.6665,0,56.45878429,0.564587843
503,4,89.054001,1.0266,0,0,0,1,181.896,181.896,54.054001,89.054001,0.53329998,0.4522,0.2413,1.0266,2916.6665,1,-71.41921566,-0.714192157
504,4,64.265999,0.2421,0,0,0,1,28.854,28.854,35.265999,64.265999,0.0678,0.0025,0.049899999,0.2421,1249.9998,1,80.07820729,0.800782073
505,2,23.736,0.1498,0,1,0,0,23.736,23.736,23.736,42.236,0.25369999,0.1498,0.0233,0.0219,416.66669,0,57.6280055,0.576280055
506,4,51.254002,0.0058,0,0,0,1,54.695999,54.695999,16.254,51.254002,0.53329998,0.4522,0.0156,0.0058,416.66669,1,-6.499685955,-0.06499686
508,4,127.046,0.0209,0,0,0,1,56.074001,56.074001,92.045998,127.046,0.0678,0.078900002,0.0102,0.0209,3750,1,81.78769608,0.817876961
509,4,101.674,0.0058,0,0,0,1,260.40601,260.40601,66.674004,101.674,0.53329998,0.4522,0.0156,0.0058,4583.332,1,-94.04703735,-0.940470373
510,4,112.274,0.39750001,0,0,0,1,301.806,301.806,77.274002,112.274,0.53329998,0.4522,0.1665,0.39750001,5416.6665,1,-98.88421146,-0.988842115
512,4,80.073997,0.046799999,0,0,0,1,92.045998,92.045998,56.074001,80.073997,0.1049,0.0451,0.023800001,0.046799999,3750,1,-13.93372607,-0.139337261
514,4,101.674,0.0058,0,0,0,1,260.40601,260.40601,66.674004,101.674,0.53329998,0.4522,0.0156,0.0058,4583.332,1,-94.04703735,-0.940470373
515,2,34.874001,0.078900002,0,1,0,0,34.874001,34.874001,44.085999,73.085999,0.0678,0.078900002,0.0014,0.0029,2083.3333,0,73.98952217,0.739895222
518,4,48.674,0.0058,0,0,0,1,53.405998,53.405998,13.674,48.674,0.53329998,0.4522,0.0156,0.0058,416.66669,1,-9.277805514,-0.092778055
519,4,202.606,0.0052,0,0,0,1,74.646004,74.646004,177.606,202.606,0.25369999,0.1498,0.053100001,0.0052,2916.6665,1,99.85062136,0.998506214
520,2,144.246,0.1498,0,1,0,0,144.246,144.246,144.246,162.746,0.25369999,0.1498,0.0233,0.0219,6250.0015,0,12.06705278,0.120670528
521,4,244.006,2.3013999,0,0,0,1,92.045998,92.045998,219.006,244.006,0.25369999,0.1498,0.68169999,2.3013999,3750,1,97.49043848,0.974904385
522,2,136.20599,0.4522,0,1,0,0,136.20599,136.20599,34.874001,69.874001,0.53329998,0.4522,0.1665,0.39750001,2083.3333,0,-66.74747378,-0.667474738
525,4,240.586,0.53909999,0,0,0,1,167.37399,167.37399,211.586,240.586,0.0678,0.078900002,0.16429999,0.53909999,12499.998,1,36.28468443,0.362846844
526,4,69.874001,0.42160001,0,0,0,1,136.20599,136.20599,34.874001,69.874001,0.53329998,0.0069,0.0361,0.42160001,2083.3333,1,-66.74747378,-0.667474738
527,4,101.674,1.0266,0,0,0,1,260.40601,260.40601,66.674004,101.674,0.53329998,0.4522,0.2413,1.0266,4583.332,1,-94.04703735,-0.940470373
529,4,202.606,2.3013999,0,0,0,1,74.646004,74.646004,177.606,202.606,0.25369999,0.1498,0.68169999,2.3013999,2916.6665,1,99.85062136,0.998506214
531,4,122.874,1.0266,0,0,0,1,343.20599,343.20599,87.874001,122.874,0.53329998,0.4522,0.0051,1.0266,6250.0015,1,-102.7171381,-1.027171381
532,4,91.073997,1.0266,0,0,0,1,219.006,219.006,56.074001,91.073997,0.53329998,0.4522,0.2413,1.0266,3750,1,-87.74267968,-0.877426797
533,2,87.874001,0.0025,0,1,0,0,87.874001,87.874001,111.086,140.086,0.0678,0.0025,0.049899999,0.2421,6250.0015,0,46.63525381,0.466352538
534,4,80.473999,0.0058,0,0,0,1,177.606,177.606,45.473999,80.473999,0.53329998,0.4522,0.0156,0.0058,2916.6665,1,-79.16334753,-0.791633475
536,4,67.603996,0.0058,0,0,0,1,151.008,151.008,32.604,67.603996,0.53329998,0.4522,0.0156,0.0058,2916.6665,1,-80.36657218,-0.803665722
537,4,241.64,0.1648,0,0,0,1,101.004,101.004,212.64,241.64,0.0678,0.078900002,0.097099997,0.1648,10416.666,1,87.22888953,0.872288895
538,4,60.004002,1.0266,0,0,0,1,115.808,115.808,25.004,60.004002,0.53329998,0.4522,0.2413,1.0266,2083.3333,1,-65.75223874,-0.657522387
539,4,77.734001,1.0266,0,0,0,1,386.46399,386.46399,42.734001,77.734001,0.53329998,0.4522,0.2413,1.0266,7083.3315,1,-160.3745939,-1.603745939
541,4,43.734001,0.0046,0,0,0,1,72.071999,72.071999,19.733999,43.734001,0.1049,0.0451,0.0023,0.0046,2916.6665,1,-49.9539751,-0.499539751
542,4,48.334,0.3087,0,0,0,1,88.872002,88.872002,24.334,48.334,0.1049,0.0079,0.061299998,0.3087,3750,1,-60.9061908,-0.609061908
548,4,40.495998,1.0266,0,0,0,1,84.272003,84.272003,5.4959998,40.495998,0.53329998,0.4522,0.2413,1.0266,1249.9998,1,-73.28465439,-0.732846544
549,2,10.534,0.078900002,0,1,0,0,10.534,10.534,13.74,42.740002,0.0678,0.078900002,0.16429999,0.53909999,1249.9998,0,140.0527176,1.400527176
550,2,24.334,0.0025,0,1,0,0,24.334,24.334,31.74,60.740002,0.0678,0.0025,0.049899999,0.2421,3750,0,91.47279432,0.914727943
553,2,38.133999,0.0025,0,1,0,0,38.133999,38.133999,49.740002,78.739998,0.0678,0.0025,0.049899999,0.2421,6250.0015,0,72.50450137,0.725045014
555,4,43.734001,0.0046,0,0,0,1,72.071999,72.071999,19.733999,43.734001,0.1049,0.0451,0.0023,0.0046,2916.6665,1,-49.9539751,-0.499539751
556,4,45.296001,0.0058,0,0,0,1,157.87199,157.87199,10.296,45.296001,0.53329998,0.4522,0.0156,0.0058,2916.6665,1,-124.8565764,-1.248565764
558,4,57.296001,0.42160001,0,0,0,1,341.87201,341.87201,22.296,57.296001,0.53329998,0.0069,0.0361,0.42160001,7083.3315,1,-178.6205597,-1.786205597
559,4,52.495998,0.0058,0,0,0,1,268.272,268.272,17.496,52.495998,0.53329998,0.4522,0.0156,0.0058,5416.6665,1,-163.1264453,-1.631264453
560,4,57.296001,0.39750001,0,0,0,1,341.87201,341.87201,22.296,57.296001,0.53329998,0.4522,0.1665,0.39750001,7083.3315,1,-178.6205597,-1.786205597
562,4,47.695999,1.0266,0,0,0,1,194.672,194.672,12.696,47.695999,0.53329998,0.4522,0.0051,1.0266,3750,1,-140.6468575,-1.406468575
567,2,12.696,0.078900002,0,1,0,0,12.696,12.696,57.132,86.132004,0.0678,0.078900002,0.16429999,0.53909999,3750,0,191.4594066,1.914594066
571,2,22.296,0.078900002,0,1,0,0,22.296,22.296,100.332,129.332,0.0678,0.078900002,0.16429999,0.53909999,7083.3315,0,175.7975451,1.757975451
572,4,42.896,1.0266,0,0,0,1,121.072,121.072,7.8959999,42.896,0.53329998,0.4522,0.2413,1.0266,2083.3333,1,-103.7606828,-1.037606828
573,4,42.896,0.39750001,0,0,0,1,121.072,121.072,7.8959999,42.896,0.53329998,0.4522,0.1665,0.39750001,2083.3333,1,-103.7606828,-1.037606828
578,4,34.296001,0.3087,0,0,0,1,54.911999,54.911999,10.296,34.296001,0.1049,0.0079,0.061299998,0.3087,2916.6665,1,-47.07031272,-0.470703127
580,4,45.534,0.42160001,0,0,0,1,95.264,95.264,10.534,45.534,0.53329998,0.0069,0.0361,0.42160001,1249.9998,1,-73.81926852,-0.738192685
582,4,42.896,0.42160001,0,0,0,1,121.072,121.072,7.8959999,42.896,0.53329998,0.0069,0.0361,0.42160001,2083.3333,1,-103.7606828,-1.037606828
583,4,34.296001,0.0046,0,0,0,1,54.911999,54.911999,10.296,34.296001,0.1049,0.0451,0.0023,0.0046,2916.6665,1,-47.07031272,-0.470703127
584,4,52.495998,0.42160001,0,0,0,1,268.272,268.272,17.496,52.495998,0.53329998,0.0069,0.0361,0.42160001,5416.6665,1,-163.1264453,-1.631264453
589,4,330.07199,0.0052,0,0,0,1,106.112,106.112,305.07199,330.07199,0.25369999,0.1498,0.053100001,0.0052,6250.0015,1,113.4815642,1.134815642
590,4,45.296001,0.39750001,0,0,0,1,157.87199,157.87199,10.296,45.296001,0.53329998,0.4522,0.1665,0.39750001,2916.6665,1,-124.8565764,-1.248565764
595,4,53.495998,0.0046,0,0,0,1,157.312,157.312,29.496,53.495998,0.1049,0.0451,0.0023,0.0046,9583.3359,1,-107.8624247,-1.078624247
596,4,42.896,0.42160001,0,0,0,1,121.072,121.072,7.8959999,42.896,0.53329998,0.0069,0.0361,0.42160001,2083.3333,1,-103.7606828,-1.037606828
597,4,50.096001,0.42160001,0,0,0,1,231.472,231.472,15.096,50.096001,0.53329998,0.0069,0.0361,0.42160001,4583.332,1,-153.0517731,-1.530517731
600,4,73.134003,1.0266,0,0,0,1,344.86401,344.86401,38.133999,73.134003,0.53329998,0.4522,0.2413,1.0266,6250.0015,1,-155.0856749,-1.550856749
601,4,59.334,0.0058,0,0,0,1,220.064,220.064,24.334,59.334,0.53329998,0.4522,0.0156,0.0058,3750,1,-131.0735916,-1.310735916
602,4,57.534,0.3087,0,0,0,1,122.472,122.472,33.534,57.534,0.1049,0.0079,0.061299998,0.3087,5416.6665,1,-75.5506355,-0.755506355
603,4,43.734001,0.0046,0,0,0,1,72.071999,72.071999,19.733999,43.734001,0.1049,0.0451,0.0023,0.0046,2916.6665,1,-49.9539751,-0.499539751
605,4,50.133999,0.0058,0,0,0,1,136.864,136.864,15.134,50.133999,0.53329998,0.4522,0.0156,0.0058,2083.3333,1,-100.4288331,-1.004288331
606,4,50.133999,0.0058,0,0,0,1,136.864,136.864,15.134,50.133999,0.53329998,0.4522,0.0156,0.0058,2083.3333,1,-100.4288331,-1.004288331
608,4,45.534,0.42160001,0,0,0,1,95.264,95.264,10.534,45.534,0.53329998,0.0069,0.0361,0.42160001,1249.9998,1,-73.81926852,-0.738192685
611,4,68.533997,1.0266,0,0,0,1,303.26401,303.26401,33.534,68.533997,0.53329998,0.4522,0.2413,1.0266,5416.6665,1,-148.7273818,-1.487273818
613,4,43.734001,0.3087,0,0,0,1,72.071999,72.071999,19.733999,43.734001,0.1049,0.0079,0.061299998,0.3087,2916.6665,1,-49.9539751,-0.499539751
616,4,34.296001,0.46709999,0,0,0,1,54.911999,54.911999,10.296,34.296001,0.1049,0.0451,0.1574,0.46709999,2916.6665,1,-47.07031272,-0.470703127
617,2,22.296,0.078900002,0,1,0,0,22.296,22.296,100.332,129.332,0.0678,0.078900002,0.16429999,0.53909999,7083.3315,0,175.7975451,1.757975451
622,4,59.334,0.0058,0,0,0,1,220.064,220.064,24.334,59.334,0.53329998,0.4522,0.0156,0.0058,3750,1,-131.0735916,-1.310735916
623,4,54.734001,1.0266,0,0,0,1,178.464,178.464,19.733999,54.734001,0.53329998,0.4522,0.2413,1.0266,2916.6665,1,-118.1901793,-1.181901793
625,2,56.534,0.078900002,0,1,0,0,56.534,56.534,73.739998,102.74,0.0678,0.078900002,0.16429999,0.53909999,9583.3359,0,59.7359298,0.597359298
626,4,57.534,0.046799999,0,0,0,1,122.472,122.472,33.534,57.534,0.1049,0.0451,0.023800001,0.046799999,5416.6665,1,-75.5506355,-0.755506355
634,4,62.096001,0.42160001,0,0,0,1,415.47198,415.47198,27.096001,62.096001,0.53329998,0.0069,0.0361,0.42160001,8750.001,1,-190.0733584,-1.900733584
636,4,59.695999,0.39750001,0,0,0,1,378.672,378.672,24.695999,59.695999,0.53329998,0.4522,0.1665,0.39750001,7916.6665,1,-184.7405395,-1.847405395
638,4,36.695999,0.046799999,0,0,0,1,67.711998,67.711998,12.696,36.695999,0.1049,0.0451,0.023800001,0.046799999,3750,1,-61.25956572,-0.612595657
639,2,17.496,0.0025,0,1,0,0,17.496,17.496,78.732002,107.732,0.0678,0.0025,0.049899999,0.2421,5416.6665,0,181.7674378,1.817674378
641,4,41.495998,0.3087,0,0,0,1,93.311996,93.311996,17.496,41.495998,0.1049,0.0079,0.061299998,0.3087,5416.6665,1,-81.03516852,-0.810351685
642,2,12.696,0.078900002,0,1,0,0,12.696,12.696,57.132,86.132004,0.0678,0.078900002,0.16429999,0.53909999,3750,0,191.4594066,1.914594066
644,4,66.896004,1.0266,0,0,0,1,489.07199,489.07199,31.896,66.896004,0.53329998,0.4522,0.2413,1.0266,10416.666,1,-198.9370463,-1.989370463
646,2,5.4959998,0.0025,0,1,0,0,5.4959998,5.4959998,24.732,53.731998,0.0678,0.0025,0.049899999,0.2421,1249.9998,0,227.9988171,2.279988171
647,4,89.912003,1.0905,0,0,0,1,10.296,10.296,54.911999,89.912003,0.0678,0.078900002,0.089699998,1.0905,2916.6665,1,216.7075977,2.167075977
649,4,50.096001,0.42160001,0,0,0,1,231.472,231.472,15.096,50.096001,0.53329998,0.0069,0.0361,0.42160001,4583.332,1,-153.0517731,-1.530517731
652,4,50.096001,0.39750001,0,0,0,1,231.472,231.472,15.096,50.096001,0.53329998,0.4522,0.1665,0.39750001,4583.332,1,-153.0517731,-1.530517731
653,4,42.896,0.42160001,0,0,0,1,121.072,121.072,7.8959999,42.896,0.53329998,0.0069,0.0361,0.42160001,2083.3333,1,-103.7606828,-1.037606828
655,2,10.296,0.078900002,0,1,0,0,10.296,10.296,46.332001,75.332001,0.0678,0.078900002,0.16429999,0.53909999,2916.6665,0,199.0149554,1.990149554
658,2,78.732002,0.050299998,0,1,0,0,78.732002,78.732002,78.732002,103.732,0.0678,0.050299998,0.26010001,0.53909999,5416.6665,0,27.57609445,0.275760945
661,2,36.869999,0.1498,0,1,0,0,36.869999,36.869999,122.9,141.39999,0.25369999,0.1498,0.2339,0.62879997,9583.3359,0,134.4194498,1.344194498
662,4,247.64,0.42160001,0,0,0,1,276.43201,276.43201,212.64,247.64,0.53329998,0.0069,0.0361,0.42160001,10416.666,1,-10.9988817,-0.109988817
663,4,39.369999,0.1726,0,0,0,1,100.016,100.016,9.8699999,39.369999,0.0678,0.0052,0.073200002,0.1726,2083.3333,1,-93.23260936,-0.932326094
664,4,183.64,1.0266,0,0,0,1,193.23199,193.23199,148.64,183.64,0.53329998,0.4522,0.2413,1.0266,7083.3315,1,-5.09141684,-0.050914168
668,4,47.869999,1.0905,0,0,0,1,68.639999,68.639999,12.87,47.869999,0.0678,0.078900002,0.089699998,1.0905,2916.6665,1,-36.03864581,-0.360386458
675,4,68.870003,0.0209,0,0,0,1,180.64,180.64,33.869999,68.870003,0.0678,0.078900002,0.0102,0.0209,8750.001,1,-96.42853873,-0.964285387
677,4,53.869999,1.0905,0,0,0,1,100.64,100.64,18.870001,53.869999,0.0678,0.078900002,0.089699998,1.0905,4583.332,1,-62.49760748,-0.624976075
681,4,47.869999,0.2377,0,0,0,1,68.639999,68.639999,12.87,47.869999,0.0678,0.0025,0.0108,0.2377,2916.6665,1,-36.03864581,-0.360386458
684,4,59.869999,1.0905,0,0,0,1,132.64,132.64,24.870001,59.869999,0.0678,0.078900002,0.089699998,1.0905,6250.0015,1,-79.54631632,-0.795463163
685,4,41.869999,0.64560002,0,0,0,1,36.639999,36.639999,6.8699999,41.869999,0.0678,0.078900002,0.0559,0.64560002,1249.9998,1,13.34290436,0.133429044
686,4,44.869999,0.0209,0,0,0,1,52.639999,52.639999,9.8699999,44.869999,0.0678,0.078900002,0.0102,0.0209,2083.3333,1,-15.97068703,-0.15970687
688,2,47.369999,0.1498,0,1,0,0,47.369999,47.369999,157.89999,176.39999,0.25369999,0.1498,0.2339,0.62879997,12499.998,0,131.4764991,1.314764991
690,2,18.870001,0.1498,0,1,0,0,18.870001,18.870001,62.900002,81.400002,0.25369999,0.1498,0.2339,0.62879997,4583.332,0,146.1801885,1.461801885
691,4,45.369999,0.1176,0,0,0,1,160.81599,160.81599,15.87,45.369999,0.0678,0.050299998,0.0016,0.1176,3750,1,-126.540972,-1.26540972
692,4,65.870003,1.0905,0,0,0,1,164.64,164.64,30.870001,65.870003,0.0678,0.078900002,0.089699998,1.0905,7916.6665,1,-91.60781239,-0.916078124
695,4,197.43201,2.3013999,0,0,0,1,24.870001,24.870001,172.43201,197.43201,0.25369999,0.1498,0.68169999,2.3013999,6250.0015,1,207.1731974,2.071731974
698,2,33.869999,0.1498,0,1,0,0,33.869999,33.869999,112.9,131.39999,0.25369999,0.1498,0.2339,0.62879997,8750.001,0,135.5716393,1.355716393
701,2,24.870001,0.1498,0,1,0,0,24.870001,24.870001,82.900002,101.4,0.25369999,0.1498,0.2339,0.62879997,6250.0015,0,140.5410793,1.405410793
703,4,53.869999,0.64560002,0,0,0,1,100.64,100.64,18.870001,53.869999,0.0678,0.078900002,0.0559,0.64560002,4583.332,1,-62.49760748,-0.624976075
705,2,6.8699999,0.1498,0,1,0,0,6.8699999,6.8699999,22.9,41.400002,0.25369999,0.1498,0.0233,0.0219,1249.9998,0,179.6116837,1.796116837
706,2,15.87,0.1498,0,1,0,0,15.87,15.87,68.769997,87.269997,0.25369999,0.1498,0.0233,0.0219,3750,0,170.4576192,1.704576192
710,2,9.8699999,0.1498,0,1,0,0,9.8699999,9.8699999,42.77,61.27,0.25369999,0.1498,0.2339,0.62879997,2083.3333,0,182.5790483,1.825790483
711,2,15.87,0.1498,0,1,0,0,15.87,15.87,68.769997,87.269997,0.25369999,0.1498,0.0233,0.0219,3750,0,170.4576192,1.704576192
713,4,56.869999,0.0209,0,0,0,1,116.64,116.64,21.870001,56.869999,0.0678,0.078900002,0.0102,0.0209,5416.6665,1,-71.83243245,-0.718324325
715,2,12.87,0.1498,0,1,0,0,12.87,12.87,42.900002,61.400002,0.25369999,0.1498,0.2339,0.62879997,2916.6665,0,156.2510846,1.562510846
716,2,12.87,0.1498,0,1,0,0,12.87,12.87,42.900002,61.400002,0.25369999,0.1498,0.0233,0.0219,2916.6665,0,156.2510846,1.562510846
717,4,56.869999,1.0905,0,0,0,1,116.64,116.64,21.870001,56.869999,0.0678,0.078900002,0.089699998,1.0905,5416.6665,1,-71.83243245,-0.718324325
718,4,50.869999,0.2377,0,0,0,1,84.639999,84.639999,15.87,50.869999,0.0678,0.0025,0.0108,0.2377,3750,1,-50.91336171,-0.509133617
719,4,59.869999,1.0905,0,0,0,1,132.64,132.64,24.870001,59.869999,0.0678,0.078900002,0.089699998,1.0905,6250.0015,1,-79.54631632,-0.795463163
720,4,44.869999,0.64560002,0,0,0,1,52.639999,52.639999,9.8699999,44.869999,0.0678,0.078900002,0.0559,0.64560002,2083.3333,1,-15.97068703,-0.15970687
722,4,62.869999,0.0209,0,0,0,1,148.64,148.64,27.870001,62.869999,0.0678,0.078900002,0.0102,0.0209,7083.3315,1,-86.04581886,-0.860458189
724,4,42.369999,0.1176,0,0,0,1,130.416,130.416,12.87,42.369999,0.0678,0.050299998,0.0016,0.1176,2916.6665,1,-112.42888,-1.1242888
726,2,36.869999,0.1498,0,1,0,0,36.869999,36.869999,122.9,141.39999,0.25369999,0.1498,0.2339,0.62879997,9583.3359,0,134.4194498,1.344194498
728,4,47.869999,0.0209,0,0,0,1,68.639999,68.639999,12.87,47.869999,0.0678,0.078900002,0.0102,0.0209,2916.6665,1,-36.03864581,-0.360386458
729,2,30.870001,0.1498,0,1,0,0,30.870001,30.870001,102.9,121.4,0.25369999,0.1498,0.2339,0.62879997,7916.6665,0,136.9306008,1.369306008
733,4,56.869999,1.0905,0,0,0,1,116.64,116.64,21.870001,56.869999,0.0678,0.078900002,0.089699998,1.0905,5416.6665,1,-71.83243245,-0.718324325
735,2,18.870001,0.1498,0,1,0,0,18.870001,18.870001,62.900002,81.400002,0.25369999,0.1498,0.0233,0.0219,4583.332,0,146.1801885,1.461801885
736,4,50.869999,1.0905,0,0,0,1,84.639999,84.639999,15.87,50.869999,0.0678,0.078900002,0.089699998,1.0905,3750,1,-50.91336171,-0.509133617
739,4,72.632004,2.3013999,0,0,0,1,6.8699999,6.8699999,47.632,72.632004,0.25369999,0.1498,0.68169999,2.3013999,1249.9998,1,235.8241559,2.358241559
740,4,50.869999,1.0905,0,0,0,1,84.639999,84.639999,15.87,50.869999,0.0678,0.078900002,0.089699998,1.0905,3750,1,-50.91336171,-0.509133617
741,4,47.869999,0.0209,0,0,0,1,68.639999,68.639999,12.87,47.869999,0.0678,0.078900002,0.0102,0.0209,2916.6665,1,-36.03864581,-0.360386458
742,4,50.869999,0.0209,0,0,0,1,84.639999,84.639999,15.87,50.869999,0.0678,0.078900002,0.0102,0.0209,3750,1,-50.91336171,-0.509133617
744,4,45.369999,0.1726,0,0,0,1,160.81599,160.81599,15.87,45.369999,0.0678,0.0052,0.073200002,0.1726,3750,1,-126.540972,-1.26540972
745,2,15.87,0.1498,0,1,0,0,15.87,15.87,52.900002,71.400002,0.25369999,0.1498,0.0233,0.0219,3750,0,150.3867363,1.503867363
747,2,9.8699999,0.1498,0,1,0,0,9.8699999,9.8699999,32.900002,51.400002,0.25369999,0.1498,0.0233,0.0219,2083.3333,0,165.0138368,1.650138368
748,2,9.8699999,0.1498,0,1,0,0,9.8699999,9.8699999,32.900002,51.400002,0.25369999,0.1498,0.2339,0.62879997,2083.3333,0,165.0138368,1.650138368
750,2,12.87,0.1498,0,1,0,0,12.87,12.87,42.900002,61.400002,0.25369999,0.1498,0.2339,0.62879997,2916.6665,0,156.2510846,1.562510846
751,4,44.869999,0.64560002,0,0,0,1,52.639999,52.639999,9.8699999,44.869999,0.0678,0.078900002,0.0559,0.64560002,2083.3333,1,-15.97068703,-0.15970687
752,2,12.87,0.1498,0,1,0,0,12.87,12.87,42.900002,61.400002,0.25369999,0.1498,0.0233,0.0219,2916.6665,0,156.2510846,1.562510846
754,4,41.869999,0.64560002,0,0,0,1,36.639999,36.639999,6.8699999,41.869999,0.0678,0.078900002,0.0559,0.64560002,1249.9998,1,13.34290436,0.133429044
759,4,44.869999,0.0209,0,0,0,1,52.639999,52.639999,9.8699999,44.869999,0.0678,0.078900002,0.0102,0.0209,2083.3333,1,-15.97068703,-0.15970687
762,4,47.869999,0.64560002,0,0,0,1,68.639999,68.639999,12.87,47.869999,0.0678,0.078900002,0.0559,0.64560002,2916.6665,1,-36.03864581,-0.360386458
763,4,44.869999,0.64560002,0,0,0,1,52.639999,52.639999,9.8699999,44.869999,0.0678,0.078900002,0.0559,0.64560002,2083.3333,1,-15.97068703,-0.15970687
766,4,50.869999,1.0905,0,0,0,1,84.639999,84.639999,15.87,50.869999,0.0678,0.078900002,0.089699998,1.0905,3750,1,-50.91336171,-0.509133617
767,2,12.87,0.1498,0,1,0,0,12.87,12.87,42.900002,61.400002,0.25369999,0.1498,0.0233,0.0219,2916.6665,0,156.2510846,1.562510846
769,4,47.869999,0.2377,0,0,0,1,68.639999,68.639999,12.87,47.869999,0.0678,0.0025,0.0108,0.2377,2916.6665,1,-36.03864581,-0.360386458
771,2,12.87,0.1498,0,1,0,0,12.87,12.87,42.900002,61.400002,0.25369999,0.1498,0.0233,0.0219,2916.6665,0,156.2510846,1.562510846
772,2,3.8699999,0.1498,0,1,0,0,3.8699999,3.8699999,12.9,31.4,0.25369999,0.1498,0.2339,0.62879997,416.66669,0,209.3553412,2.093553412
773,4,56.869999,0.0209,0,0,0,1,116.64,116.64,21.870001,56.869999,0.0678,0.078900002,0.0102,0.0209,5416.6665,1,-71.83243245,-0.718324325
774,4,50.869999,0.64560002,0,0,0,1,84.639999,84.639999,15.87,50.869999,0.0678,0.078900002,0.0559,0.64560002,3750,1,-50.91336171,-0.509133617
776,2,9.8699999,0.1498,0,1,0,0,9.8699999,9.8699999,32.900002,51.400002,0.25369999,0.1498,0.0233,0.0219,2083.3333,0,165.0138368,1.650138368
777,4,70.987999,0.62879997,0,0,0,1,43.740002,43.740002,52.487999,70.987999,0.25369999,0.1498,0.2339,0.62879997,5416.6665,1,48.42477736,0.484247774
778,4,84.739998,0.64560002,0,0,0,1,107.77,107.77,49.740002,84.739998,0.0678,0.078900002,0.0559,0.64560002,6250.0015,1,-24.0411605,-0.240411605
780,4,90.739998,1.0905,0,0,0,1,120.77,120.77,55.740002,90.739998,0.0678,0.078900002,0.089699998,1.0905,7083.3315,1,-28.58896581,-0.285889658
781,4,78.739998,0.2377,0,0,0,1,94.769997,94.769997,43.740002,78.739998,0.0678,0.0025,0.0108,0.2377,5416.6665,1,-18.53016117,-0.185301612
782,4,72.739998,0.64560002,0,0,0,1,81.769997,81.769997,37.740002,72.739998,0.0678,0.078900002,0.0559,0.64560002,4583.332,1,-11.70189794,-0.117018979
783,4,61.240002,0.324,0,0,0,1,134.366,134.366,31.74,61.240002,0.0678,0.050299998,0.1082,0.324,3750,1,-78.57668164,-0.785766816
784,4,60.740002,0.0209,0,0,0,1,55.77,55.77,25.74,60.740002,0.0678,0.078900002,0.0102,0.0209,2916.6665,1,8.536640214,0.085366402
786,2,43.740002,0.1498,0,1,0,0,43.740002,43.740002,52.487999,70.987999,0.25369999,0.1498,0.2339,0.62879997,5416.6665,0,48.42477736,0.484247774
788,4,72.739998,0.0209,0,0,0,1,81.769997,81.769997,37.740002,72.739998,0.0678,0.078900002,0.0102,0.0209,4583.332,1,-11.70189794,-0.117018979
789,4,84.739998,0.64560002,0,0,0,1,107.77,107.77,49.740002,84.739998,0.0678,0.078900002,0.0559,0.64560002,6250.0015,1,-24.0411605,-0.240411605
790,4,55.240002,0.028899999,0,0,0,1,108.966,108.966,25.74,55.240002,0.0678,0.050299998,0.0143,0.028899999,2916.6665,1,-67.93485422,-0.679348542
791,2,25.74,0.1498,0,1,0,0,25.74,25.74,30.888,49.388,0.25369999,0.1498,0.0082,0.0044,2916.6665,0,65.16612775,0.651661278
793,4,78.739998,0.0209,0,0,0,1,94.769997,94.769997,43.740002,78.739998,0.0678,0.078900002,0.0102,0.0209,5416.6665,1,-18.53016117,-0.185301612
795,4,66.739998,1.0905,0,0,0,1,68.769997,68.769997,31.74,66.739998,0.0678,0.078900002,0.089699998,1.0905,3750,1,-2.996311635,-0.029963116
797,4,72.739998,0.2377,0,0,0,1,81.769997,81.769997,37.740002,72.739998,0.0678,0.0025,0.0108,0.2377,4583.332,1,-11.70189794,-0.117018979
799,4,84.739998,0.64560002,0,0,0,1,107.77,107.77,49.740002,84.739998,0.0678,0.078900002,0.0559,0.64560002,6250.0015,1,-24.0411605,-0.240411605
804,4,47.869999,0.64560002,0,0,0,1,79.793999,79.793999,12.87,47.869999,0.0678,0.078900002,0.0559,0.64560002,2916.6665,1,-51.09593186,-0.510959319
807,4,41.869999,0.64560002,0,0,0,1,42.594002,42.594002,6.8699999,41.869999,0.0678,0.078900002,0.0559,0.64560002,1249.9998,1,-1.714388909,-0.017143889
809,4,45.369999,0.1726,0,0,0,1,186.20799,186.20799,15.87,45.369999,0.0678,0.0052,0.073200002,0.1726,3750,1,-141.2013203,-1.412013203
810,4,44.869999,0.64560002,0,0,0,1,61.194,61.194,9.8699999,44.869999,0.0678,0.078900002,0.0559,0.64560002,2083.3333,1,-31.02797478,-0.310279748
811,2,12.87,0.1498,0,1,0,0,12.87,12.87,55.77,74.269997,0.25369999,0.1498,0.2339,0.62879997,2916.6665,0,175.280804,1.75280804
812,4,47.869999,0.64560002,0,0,0,1,79.793999,79.793999,12.87,47.869999,0.0678,0.078900002,0.0559,0.64560002,2916.6665,1,-51.09593186,-0.510959319
814,4,47.869999,1.0905,0,0,0,1,79.793999,79.793999,12.87,47.869999,0.0678,0.078900002,0.089699998,1.0905,2916.6665,1,-51.09593186,-0.510959319
821,4,39.369999,0.324,0,0,0,1,115.808,115.808,9.8699999,39.369999,0.0678,0.050299998,0.1082,0.324,2083.3333,1,-107.8929568,-1.078929568
826,2,3.8699999,0.1498,0,1,0,0,3.8699999,3.8699999,16.77,35.27,0.25369999,0.1498,0.0233,0.0219,416.66669,0,220.9778263,2.209778263
827,4,59.869999,0.64560002,0,0,0,1,154.194,154.194,24.870001,59.869999,0.0678,0.078900002,0.0559,0.64560002,6250.0015,1,-94.60360216,-0.946036022
829,2,3.8699999,0.0014,0,1,0,0,3.8699999,3.8699999,16.77,35.27,0.25369999,0.0014,0.062600002,0.2773,416.66669,0,220.9778263,2.209778263
830,4,56.869999,0.0209,0,0,0,1,135.59399,135.59399,21.870001,56.869999,0.0678,0.078900002,0.0102,0.0209,5416.6665,1,-86.88971093,-0.868897109
831,4,53.869999,0.0209,0,0,0,1,116.994,116.994,18.870001,53.869999,0.0678,0.078900002,0.0102,0.0209,4583.332,1,-77.55489333,-0.775548933
832,4,53.869999,1.0905,0,0,0,1,116.994,116.994,18.870001,53.869999,0.0678,0.078900002,0.089699998,1.0905,4583.332,1,-77.55489333,-0.775548933
834,4,53.869999,0.0209,0,0,0,1,116.994,116.994,18.870001,53.869999,0.0678,0.078900002,0.0102,0.0209,4583.332,1,-77.55489333,-0.775548933
838,4,36.369999,0.324,0,0,0,1,80.608002,80.608002,6.8699999,36.369999,0.0678,0.050299998,0.1082,0.324,1249.9998,1,-79.58536935,-0.795853693
839,4,47.869999,0.0209,0,0,0,1,79.793999,79.793999,12.87,47.869999,0.0678,0.078900002,0.0102,0.0209,2916.6665,1,-51.09593186,-0.510959319
844,2,12.87,0.1498,0,1,0,0,12.87,12.87,55.77,74.269997,0.25369999,0.1498,0.2339,0.62879997,2916.6665,0,175.280804,1.75280804
847,4,56.869999,0.0209,0,0,0,1,135.59399,135.59399,21.870001,56.869999,0.0678,0.078900002,0.0102,0.0209,5416.6665,1,-86.88971093,-0.868897109
848,4,56.869999,0.64560002,0,0,0,1,135.59399,135.59399,21.870001,56.869999,0.0678,0.078900002,0.0559,0.64560002,5416.6665,1,-86.88971093,-0.868897109
849,2,24.870001,0.1498,0,1,0,0,24.870001,24.870001,107.77,126.27,0.25369999,0.1498,0.2339,0.62879997,6250.0015,0,162.4760173,1.624760173
850,4,47.869999,1.0905,0,0,0,1,79.793999,79.793999,12.87,47.869999,0.0678,0.078900002,0.089699998,1.0905,2916.6665,1,-51.09593186,-0.510959319
852,4,50.869999,0.0209,0,0,0,1,98.393997,98.393997,15.87,50.869999,0.0678,0.078900002,0.0102,0.0209,3750,1,-65.97064569,-0.659706457
854,4,78.195999,2.3013999,0,0,0,1,12.87,12.87,53.195999,78.195999,0.25369999,0.1498,0.68169999,2.3013999,2916.6665,1,180.4319461,1.804319461
858,2,12.87,0.1498,0,1,0,0,12.87,12.87,55.77,74.269997,0.25369999,0.1498,0.2339,0.62879997,2916.6665,0,175.280804,1.75280804
859,4,140.808,0.53909999,0,0,0,1,115.808,115.808,115.808,140.808,0.0678,0.050299998,0.26010001,0.53909999,2083.3333,1,19.54636129,0.195463613
863,4,41.869999,0.64560002,0,0,0,1,42.594002,42.594002,6.8699999,41.869999,0.0678,0.078900002,0.0559,0.64560002,1249.9998,1,-1.714388909,-0.017143889
865,2,3.8699999,0.1498,0,1,0,0,3.8699999,3.8699999,16.77,35.27,0.25369999,0.1498,0.0233,0.0219,416.66669,0,220.9778263,2.209778263
866,2,21.870001,0.1498,0,1,0,0,21.870001,21.870001,94.769997,113.27,0.25369999,0.1498,0.0233,0.0219,5416.6665,0,164.4658469,1.644658469
874,4,146.836,2.3013999,0,0,0,1,175.89,175.89,121.836,146.836,0.25369999,0.1498,0.68169999,2.3013999,2916.6665,1,-18.05424819,-0.180542482
875,2,93.435997,0.4522,0,1,0,0,93.435997,93.435997,155.946,190.946,0.53329998,0.4522,0.2413,1.0266,2083.3333,0,71.47139877,0.714713988
877,4,164.65601,2.3013999,0,0,0,1,128.01801,128.01801,139.65601,164.65601,0.25369999,0.1498,0.68169999,2.3013999,3750,1,25.16875527,0.251687553
878,4,34.869999,0.0052,0,0,0,1,57.245998,57.245998,9.8699999,34.869999,0.25369999,0.1498,0.053100001,0.0052,2083.3333,1,-49.57309041,-0.495730904
880,4,37.869999,2.3013999,0,0,0,1,74.646004,74.646004,12.87,37.869999,0.25369999,0.1498,0.68169999,2.3013999,2916.6665,1,-67.85977772,-0.678597777
883,4,28.870001,2.3013999,0,0,0,1,22.445999,22.445999,3.8699999,28.870001,0.25369999,0.1498,0.68169999,2.3013999,416.66669,1,25.16906483,0.251690648
886,2,18.870001,0.4522,0,1,0,0,18.870001,18.870001,232.73,267.73001,0.53329998,0.4522,0.2413,1.0266,4583.332,0,265.2405635,2.652405635
888,4,34.869999,2.3013999,0,0,0,1,57.245998,57.245998,9.8699999,34.869999,0.25369999,0.1498,0.68169999,2.3013999,2083.3333,1,-49.57309041,-0.495730904
889,4,43.869999,0.0052,0,0,0,1,109.446,109.446,18.870001,43.869999,0.25369999,0.1498,0.053100001,0.0052,4583.332,1,-91.42005845,-0.914200585
892,2,3.8699999,0.4522,0,1,0,0,3.8699999,3.8699999,47.73,82.730003,0.53329998,0.4522,0.2413,1.0266,416.66669,0,306.2327848,3.062327848
897,2,12.87,0.4522,0,1,0,0,12.87,12.87,158.73,193.73,0.53329998,0.4522,0.2413,1.0266,2916.6665,0,271.1566415,2.711566415
898,2,9.8699999,0.4522,0,1,0,0,9.8699999,9.8699999,121.73,156.73,0.53329998,0.4522,0.2413,1.0266,2083.3333,0,276.5024736,2.765024736
904,2,9.8699999,0.4522,0,1,0,0,9.8699999,9.8699999,121.73,156.73,0.53329998,0.4522,0.2413,1.0266,2083.3333,0,276.5024736,2.765024736
905,4,37.869999,2.3013999,0,0,0,1,74.646004,74.646004,12.87,37.869999,0.25369999,0.1498,0.68169999,2.3013999,2916.6665,1,-67.85977772,-0.678597777
906,2,6.8699999,0.4522,0,1,0,0,6.8699999,6.8699999,84.730003,119.73,0.53329998,0.4522,0.2413,1.0266,1249.9998,0,285.8075116,2.858075116
908,4,40.869999,2.3013999,0,0,0,1,92.045998,92.045998,15.87,40.869999,0.25369999,0.1498,0.68169999,2.3013999,3750,1,-81.18921573,-0.811892157
912,4,34.869999,2.3013999,0,0,0,1,57.245998,57.245998,9.8699999,34.869999,0.25369999,0.1498,0.68169999,2.3013999,2083.3333,1,-49.57309041,-0.495730904
913,4,127.046,0.64560002,0,0,0,1,195.73,195.73,92.045998,127.046,0.0678,0.078900002,0.0559,0.64560002,3750,1,-43.21869329,-0.432186933
914,2,9.8699999,0.4522,0,1,0,0,9.8699999,9.8699999,121.73,156.73,0.53329998,0.4522,0.2413,1.0266,2083.3333,0,276.5024736,2.765024736
921,4,40.869999,2.3013999,0,0,0,1,92.045998,92.045998,15.87,40.869999,0.25369999,0.1498,0.68169999,2.3013999,3750,1,-81.18921573,-0.811892157
924,2,7.8959999,0.4522,0,1,0,0,7.8959999,7.8959999,111.86,146.86,0.53329998,0.4522,0.0156,0.0058,2083.3333,0,292.3123463,2.923123463
932,4,35.296001,2.3013999,0,0,0,1,61.776001,61.776001,10.296,35.296001,0.25369999,0.1498,0.68169999,2.3013999,2916.6665,1,-55.97452843,-0.559745284
936,4,40.096001,2.3013999,0,0,0,1,90.575996,90.575996,15.096,40.096001,0.25369999,0.1498,0.68169999,2.3013999,4583.332,1,-81.49126295,-0.814912629
939,4,47.296001,0.0052,0,0,0,1,133.776,133.776,22.296,47.296001,0.25369999,0.1498,0.053100001,0.0052,7083.3315,1,-103.9741013,-1.039741013
946,2,77.860001,0.078900002,0,1,0,0,77.860001,77.860001,115.874,144.87399,0.0678,0.078900002,0.0014,0.0029,1249.9998,0,62.09519751,0.620951975
948,4,35.296001,2.3013999,0,0,0,1,61.776001,61.776001,10.296,35.296001,0.25369999,0.1498,0.68169999,2.3013999,2916.6665,1,-55.97452843,-0.559745284
950,4,32.896,2.3013999,0,0,0,1,47.375999,47.375999,7.8959999,32.896,0.25369999,0.1498,0.68169999,2.3013999,2083.3333,1,-36.47646804,-0.36476468
953,4,51.598,2.3013999,0,0,0,1,88.374001,88.374001,26.598,51.598,0.25369999,0.1498,0.68169999,2.3013999,2916.6665,1,-53.8094908,-0.538094908
955,4,102.774,0.64560002,0,0,0,1,132.258,132.258,67.774002,102.774,0.0678,0.078900002,0.0559,0.64560002,2083.3333,1,-25.22221577,-0.252222158
956,2,26.598,0.4522,0,1,0,0,26.598,26.598,172.45799,207.45799,0.53329998,0.4522,0.2413,1.0266,2916.6665,0,205.4092836,2.054092836
958,4,39.198002,2.3013999,0,0,0,1,47.174,47.174,14.198,39.198002,0.25369999,0.1498,0.68169999,2.3013999,1249.9998,1,-18.52171173,-0.185217117
959,4,57.798,2.3013999,0,0,0,1,108.974,108.974,32.798,57.798,0.25369999,0.1498,0.68169999,2.3013999,3750,1,-63.41551487,-0.634155149
960,2,20.398001,0.4522,0,1,0,0,20.398001,20.398001,132.258,167.258,0.53329998,0.4522,0.0156,0.0058,2083.3333,0,210.4100625,2.104100625
961,4,51.598,2.3013999,0,0,0,1,88.374001,88.374001,26.598,51.598,0.25369999,0.1498,0.68169999,2.3013999,2916.6665,1,-53.8094908,-0.538094908
966,4,63.998001,0.0052,0,0,0,1,129.57401,129.57401,38.998001,63.998001,0.25369999,0.1498,0.053100001,0.0052,4583.332,1,-70.54003752,-0.705400375
968,4,63.998001,2.3013999,0,0,0,1,129.57401,129.57401,38.998001,63.998001,0.25369999,0.1498,0.68169999,2.3013999,4583.332,1,-70.54003752,-0.705400375
969,2,26.598,0.4522,0,1,0,0,26.598,26.598,172.45799,207.45799,0.53329998,0.4522,0.2413,1.0266,2916.6665,0,205.4092836,2.054092836
970,2,26.598,0.4522,0,1,0,0,26.598,26.598,172.45799,207.45799,0.53329998,0.4522,0.0156,0.0058,2916.6665,0,205.4092836,2.054092836
971,4,63.998001,2.3013999,0,0,0,1,129.57401,129.57401,38.998001,63.998001,0.25369999,0.1498,0.68169999,2.3013999,4583.332,1,-70.54003752,-0.705400375
974,2,20.398001,0.4522,0,1,0,0,20.398001,20.398001,132.258,167.258,0.53329998,0.4522,0.2413,1.0266,2083.3333,0,210.4100625,2.104100625
976,2,38.998001,0.4522,0,1,0,0,38.998001,38.998001,252.858,287.858,0.53329998,0.4522,0.1665,0.39750001,4583.332,0,199.8956915,1.998956915
978,2,76.197998,0.4522,0,1,0,0,76.197998,76.197998,494.05801,529.05798,0.53329998,0.4522,0.2413,1.0266,9583.3359,0,193.7762839,1.937762839
980,2,9.8699999,0.4522,0,1,0,0,9.8699999,9.8699999,121.73,156.73,0.53329998,0.4522,0.0156,0.0058,2083.3333,0,276.5024736,2.765024736
982,2,2.322,0.4522,0,1,0,0,2.322,2.322,55.470001,90.470001,0.53329998,0.4522,0.2413,1.0266,416.66669,0,366.2589432,3.662589432
985,4,35.296001,0.0052,0,0,0,1,61.776001,61.776001,10.296,35.296001,0.25369999,0.1498,0.053100001,0.0052,2916.6665,1,-55.97452843,-0.559745284
986,2,3.096,0.4522,0,1,0,0,3.096,3.096,43.860001,78.860001,0.53329998,0.4522,0.2413,1.0266,416.66669,0,323.7563185,3.237563185
987,2,7.8959999,0.4522,0,1,0,0,7.8959999,7.8959999,111.86,146.86,0.53329998,0.4522,0.2413,1.0266,2083.3333,0,292.3123463,2.923123463
990,4,28.096001,2.3013999,0,0,0,1,18.576,18.576,3.096,28.096001,0.25369999,0.1498,0.68169999,2.3013999,416.66669,1,41.37568281,0.413756828
991,4,30.496,0.0052,0,0,0,1,32.976002,32.976002,5.4959998,30.496,0.25369999,0.1498,0.053100001,0.0052,1249.9998,1,-7.818455733,-0.078184557
994,2,15.096,0.4522,0,1,0,0,15.096,15.096,213.86,248.86,0.53329998,0.4522,0.2413,1.0266,4583.332,0,280.2460681,2.802460681
995,2,10.296,0.4522,0,1,0,0,10.296,10.296,145.86,180.86,0.53329998,0.4522,0.1665,0.39750001,2916.6665,0,286.5967781,2.865967781
996,2,5.4959998,0.4522,0,1,0,0,5.4959998,5.4959998,77.860001,112.86,0.53329998,0.4522,0.2413,1.0266,1249.9998,0,302.2127594,3.022127594
997,4,30.496,2.3013999,0,0,0,1,32.976002,32.976002,5.4959998,30.496,0.25369999,0.1498,0.68169999,2.3013999,1249.9998,1,-7.818455733,-0.078184557
1002,2,5.4959998,0.4522,0,1,0,0,5.4959998,5.4959998,77.860001,112.86,0.53329998,0.4522,0.2413,1.0266,1249.9998,0,302.2127594,3.022127594
1009,2,47.375999,0.1498,0,1,0,0,47.375999,47.375999,86.856003,105.356,0.25369999,0.1498,0.2339,0.62879997,2083.3333,0,79.92293414,0.799229341
1015,2,6.29,0.4522,0,1,0,0,6.29,6.29,194.99001,229.99001,0.53329998,0.4522,0.2413,1.0266,4583.332,0,359.9074802,3.599074802
1018,2,49.062,0.1498,0,1,0,0,49.062,49.062,149.702,168.202,0.25369999,0.1498,0.0082,0.0044,4583.332,0,123.2080834,1.232080834
1019,4,56.450001,2.3101001,0,0,0,1,49.062,49.062,31.450001,56.450001,0.25369999,0.1498,0.73689997,2.3101001,4583.332,1,14.02705039,0.140270504
1024,4,131.726,1.0266,0,0,0,1,16.450001,16.450001,96.725998,131.726,0.53329998,0.4522,0.2413,1.0266,2083.3333,1,208.039847,2.08039847
1026,4,76.449997,2.3013999,0,0,0,1,80.262001,80.262001,51.450001,76.449997,0.25369999,0.1498,0.68169999,2.3013999,7916.6665,1,-4.865940287,-0.048659403
1029,4,41.450001,2.3013999,0,0,0,1,25.662001,25.662001,16.450001,41.450001,0.25369999,0.1498,0.68169999,2.3013999,2083.3333,1,47.94765683,0.479476568
1030,4,51.450001,2.3013999,0,0,0,1,41.262001,41.262001,26.450001,51.450001,0.25369999,0.1498,0.68169999,2.3013999,3750,1,22.06684779,0.220668478
1032,4,46.450001,0.0052,0,0,0,1,33.462002,33.462002,21.450001,46.450001,0.25369999,0.1498,0.053100001,0.0052,2916.6665,1,32.79659604,0.32796596
1035,2,17.862,0.1498,0,1,0,0,17.862,17.862,54.501999,73.001999,0.25369999,0.1498,0.0233,0.0219,1249.9998,0,140.7811273,1.407811273
1037,4,48.375999,0.324,0,0,0,1,176.748,176.748,18.875999,48.375999,0.0678,0.050299998,0.1082,0.324,2916.6665,1,-129.5721187,-1.295721187
1038,4,47.372002,0.0052,0,0,0,1,14.476,14.476,22.372,47.372002,0.25369999,0.1498,0.053100001,0.0052,2083.3333,1,118.5539273,1.185539273
1042,4,37.869999,2.3013999,0,0,0,1,74.646004,74.646004,12.87,37.869999,0.25369999,0.1498,0.68169999,2.3013999,2916.6665,1,-67.85977772,-0.678597777
1044,4,34.869999,2.3101001,0,0,0,1,57.245998,57.245998,9.8699999,34.869999,0.25369999,0.1498,0.73689997,2.3101001,2083.3333,1,-49.57309041,-0.495730904
1045,4,40.869999,0.0052,0,0,0,1,92.045998,92.045998,15.87,40.869999,0.25369999,0.1498,0.053100001,0.0052,3750,1,-81.18921573,-0.811892157
1046,4,40.096001,2.3101001,0,0,0,1,90.575996,90.575996,15.096,40.096001,0.25369999,0.0014,0.73689997,2.3101001,4583.332,1,-81.49126295,-0.814912629
1047,4,35.296001,2.3013999,0,0,0,1,61.776001,61.776001,10.296,35.296001,0.25369999,0.1498,0.68169999,2.3013999,2916.6665,1,-55.97452843,-0.559745284
1048,2,7.8959999,0.4522,0,1,0,0,7.8959999,7.8959999,111.86,146.86,0.53329998,0.4522,0.2413,1.0266,2083.3333,0,292.3123463,2.923123463
1049,2,15.096,0.4522,0,1,0,0,15.096,15.096,213.86,248.86,0.53329998,0.4522,0.2413,1.0266,4583.332,0,280.2460681,2.802460681
1051,4,246.07401,0.0029,0,0,0,1,145.86,145.86,217.07401,246.07401,0.0678,0.078900002,0.0014,0.0029,2916.6665,1,52.29850868,0.522985087
1053,4,35.296001,2.3013999,0,0,0,1,61.776001,61.776001,10.296,35.296001,0.25369999,0.1498,0.68169999,2.3013999,2916.6665,1,-55.97452843,-0.559745284
1054,2,7.8959999,0.4522,0,1,0,0,7.8959999,7.8959999,111.86,146.86,0.53329998,0.4522,0.2413,1.0266,2083.3333,0,292.3123463,2.923123463
1056,4,42.495998,2.3013999,0,0,0,1,104.976,104.976,17.496,42.495998,0.25369999,0.1498,0.68169999,2.3013999,5416.6665,1,-90.43218458,-0.904321846
1057,2,7.8959999,0.4522,0,1,0,0,7.8959999,7.8959999,111.86,146.86,0.53329998,0.4522,0.2413,1.0266,2083.3333,0,292.3123463,2.923123463
1058,4,37.695999,0.0052,0,0,0,1,76.176003,76.176003,12.696,37.695999,0.25369999,0.1498,0.053100001,0.0052,3750,1,-70.34925303,-0.70349253
1060,2,16.488001,0.4522,0,1,0,0,16.488001,16.488001,97.096001,132.09599,0.53329998,0.4522,0.2413,1.0266,1249.9998,0,208.0895951,2.080895951
1063,4,48.688,2.3101001,0,0,0,1,75.012001,75.012001,23.688,48.688,0.25369999,0.0014,0.73689997,2.3101001,2083.3333,1,-43.22155209,-0.432215521
1064,2,30.888,0.4522,0,1,0,0,30.888,30.888,181.896,216.896,0.53329998,0.4522,0.2413,1.0266,2916.6665,0,194.9050217,1.949050217
1066,4,55.888,2.3013999,0,0,0,1,97.811996,97.811996,30.888,55.888,0.25369999,0.1498,0.68169999,2.3013999,2916.6665,1,-55.96975399,-0.55969754
1067,2,30.888,0.4522,0,1,0,0,30.888,30.888,181.896,216.896,0.53329998,0.4522,0.2413,1.0266,2916.6665,0,194.9050217,1.949050217
1069,4,87.211998,1.0905,0,0,0,1,97.096001,97.096001,52.212002,87.211998,0.0678,0.078900002,0.089699998,1.0905,1249.9998,1,-10.73582769,-0.107358277
1070,4,84.688004,2.3013999,0,0,0,1,189.01199,189.01199,59.688,84.688004,0.25369999,0.1498,0.68169999,2.3013999,6250.0015,1,-80.28364899,-0.80283649
1071,4,41.487999,2.3013999,0,0,0,1,52.212002,52.212002,16.488001,41.487999,0.25369999,0.1498,0.68169999,2.3013999,1249.9998,1,-22.99081871,-0.229908187
1077,2,12.696,0.4522,0,1,0,0,12.696,12.696,179.86,214.86,0.53329998,0.4522,0.2413,1.0266,3750,0,282.869967,2.82869967
1078,4,30.496,2.3013999,0,0,0,1,32.976002,32.976002,5.4959998,30.496,0.25369999,0.1498,0.68169999,2.3013999,1249.9998,1,-7.818455733,-0.078184557
1079,4,32.896,0.0052,0,0,0,1,47.375999,47.375999,7.8959999,32.896,0.25369999,0.1498,0.053100001,0.0052,2083.3333,1,-36.47646804,-0.36476468
1081,2,10.296,0.4522,0,1,0,0,10.296,10.296,145.86,180.86,0.53329998,0.4522,0.2413,1.0266,2916.6665,0,286.5967781,2.865967781
1083,4,37.695999,2.3013999,0,0,0,1,76.176003,76.176003,12.696,37.695999,0.25369999,0.1498,0.68169999,2.3013999,3750,1,-70.34925303,-0.70349253
1084,4,35.296001,2.3013999,0,0,0,1,61.776001,61.776001,10.296,35.296001,0.25369999,0.1498,0.68169999,2.3013999,2916.6665,1,-55.97452843,-0.559745284
1085,4,82.375999,0.0209,0,0,0,1,111.86,111.86,47.375999,82.375999,0.0678,0.078900002,0.0102,0.0209,2083.3333,1,-30.59539692,-0.305953969
1087,4,37.695999,2.3013999,0,0,0,1,76.176003,76.176003,12.696,37.695999,0.25369999,0.1498,0.68169999,2.3013999,3750,1,-70.34925303,-0.70349253
1088,4,30.496,0.0052,0,0,0,1,32.976002,32.976002,5.4959998,30.496,0.25369999,0.1498,0.053100001,0.0052,1249.9998,1,-7.818455733,-0.078184557
1089,4,35.296001,2.3013999,0,0,0,1,61.776001,61.776001,10.296,35.296001,0.25369999,0.1498,0.68169999,2.3013999,2916.6665,1,-55.97452843,-0.559745284
1093,4,32.896,2.3101001,0,0,0,1,47.375999,47.375999,7.8959999,32.896,0.25369999,0.1498,0.73689997,2.3101001,2083.3333,1,-36.47646804,-0.36476468
1096,2,16.488001,0.4522,0,1,0,0,16.488001,16.488001,97.096001,132.09599,0.53329998,0.4522,0.2413,1.0266,1249.9998,0,208.0895951,2.080895951
1097,4,48.688,0.0052,0,0,0,1,75.012001,75.012001,23.688,48.688,0.25369999,0.1498,0.053100001,0.0052,2083.3333,1,-43.22155209,-0.432215521
1098,4,48.688,2.3013999,0,0,0,1,75.012001,75.012001,23.688,48.688,0.25369999,0.1498,0.68169999,2.3013999,2083.3333,1,-43.22155209,-0.432215521
1102,2,4.29,0.4522,0,1,0,0,4.29,4.29,132.99001,167.99001,0.53329998,0.4522,0.2413,1.0266,2916.6665,0,366.761778,3.66761778
1104,2,8.29,0.4522,0,1,0,0,8.29,8.29,256.98999,291.98999,0.53329998,0.4522,0.2413,1.0266,6250.0015,0,356.1669552,3.561669552
1106,2,1.29,0.4522,0,1,0,0,1.29,1.29,39.990002,74.989998,0.53329998,0.4522,0.0051,1.0266,416.66669,0,406.2712526,4.062712526
1107,4,28.290001,2.3013999,0,0,0,1,37.506001,37.506001,3.29,28.290001,0.25369999,0.1498,0.68169999,2.3013999,2083.3333,1,-28.19925262,-0.281992526
1108,4,29.290001,2.3013999,0,0,0,1,48.905998,48.905998,4.29,29.290001,0.25369999,0.1498,0.68169999,2.3013999,2916.6665,1,-51.26538525,-0.512653852
1109,4,28.290001,2.3013999,0,0,0,1,37.506001,37.506001,3.29,28.290001,0.25369999,0.1498,0.68169999,2.3013999,2083.3333,1,-28.19925262,-0.281992526
1110,4,30.290001,2.3013999,0,0,0,1,60.306,60.306,5.29,30.290001,0.25369999,0.1498,0.68169999,2.3013999,3750,1,-68.86139432,-0.688613943
1111,2,3.29,0.4522,0,1,0,0,3.29,3.29,101.99,136.99001,0.53329998,0.4522,0.2413,1.0266,2083.3333,0,372.9020439,3.729020439
1112,4,29.290001,2.3013999,0,0,0,1,48.905998,48.905998,4.29,29.290001,0.25369999,0.1498,0.68169999,2.3013999,2916.6665,1,-51.26538525,-0.512653852
1113,4,27.290001,2.3013999,0,0,0,1,26.106001,26.106001,2.29,27.290001,0.25369999,0.1498,0.68169999,2.3013999,1249.9998,1,4.435516009,0.04435516
1114,4,112.606,0.028899999,0,0,0,1,347.004,347.004,83.106003,112.606,0.0678,0.050299998,0.0143,0.028899999,5416.6665,1,-112.5441307,-1.125441307
1116,4,29.290001,2.3013999,0,0,0,1,48.905998,48.905998,4.29,29.290001,0.25369999,0.1498,0.68169999,2.3013999,2916.6665,1,-51.26538525,-0.512653852
1117,2,2.29,0.4522,0,1,0,0,2.29,2.29,70.989998,105.99,0.53329998,0.4522,0.2413,1.0266,1249.9998,0,383.4792932,3.834792932
1118,2,6.29,0.4522,0,1,0,0,6.29,6.29,194.99001,229.99001,0.53329998,0.4522,0.0156,0.0058,4583.332,0,359.9074802,3.599074802
1125,4,30.290001,2.3101001,0,0,0,1,60.306,60.306,5.29,30.290001,0.25369999,0.1498,0.73689997,2.3101001,3750,1,-68.86139432,-0.688613943
1126,2,5.29,0.4522,0,1,0,0,5.29,5.29,163.99001,198.99001,0.53329998,0.4522,0.2413,1.0266,3750,0,362.7436377,3.627436377
1127,2,4.29,0.4522,0,1,0,0,4.29,4.29,132.99001,167.99001,0.53329998,0.4522,0.0156,0.0058,2916.6665,0,366.761778,3.66761778
1129,4,30.290001,0.0052,0,0,0,1,60.306,60.306,5.29,30.290001,0.25369999,0.1498,0.053100001,0.0052,3750,1,-68.86139432,-0.688613943
1131,2,3.29,0.4522,0,1,0,0,3.29,3.29,101.99,136.99001,0.53329998,0.4522,0.2413,1.0266,2083.3333,0,372.9020439,3.729020439
1132,4,29.290001,2.3101001,0,0,0,1,48.905998,48.905998,4.29,29.290001,0.25369999,0.1498,0.73689997,2.3101001,2916.6665,1,-51.26538525,-0.512653852
1135,2,37.506001,0.1498,0,1,0,0,37.506001,37.506001,76.986,95.486,0.25369999,0.1498,0.0233,0.0219,2083.3333,0,93.4478693,0.934478693
1137,2,37.506001,0.1498,0,1,0,0,37.506001,37.506001,76.986,95.486,0.25369999,0.1498,0.0082,0.0044,2083.3333,0,93.4478693,0.934478693
1138,4,29.290001,2.3013999,0,0,0,1,48.905998,48.905998,4.29,29.290001,0.25369999,0.1498,0.68169999,2.3013999,2916.6665,1,-51.26538525,-0.512653852
1144,4,29.290001,2.3013999,0,0,0,1,48.905998,48.905998,4.29,29.290001,0.25369999,0.1498,0.68169999,2.3013999,2916.6665,1,-51.26538525,-0.512653852
1145,2,6.29,0.4522,0,1,0,0,6.29,6.29,194.99001,229.99001,0.53329998,0.4522,0.2413,1.0266,4583.332,0,359.9074802,3.599074802
1146,4,40.790001,2.3101001,0,0,0,1,180.006,180.006,15.79,40.790001,0.25369999,0.1498,0.73689997,2.3101001,12499.998,1,-148.4553206,-1.484553206
1147,4,32.290001,2.3013999,0,0,0,1,83.106003,83.106003,7.29,32.290001,0.25369999,0.1498,0.68169999,2.3013999,5416.6665,1,-94.53593218,-0.945359322
1148,4,32.290001,2.3013999,0,0,0,1,83.106003,83.106003,7.29,32.290001,0.25369999,0.1498,0.68169999,2.3013999,5416.6665,1,-94.53593218,-0.945359322
1149,2,37.506001,0.1498,0,1,0,0,37.506001,37.506001,76.986,95.486,0.25369999,0.1498,0.0233,0.0219,2083.3333,0,93.4478693,0.934478693
1150,4,33.290001,2.3013999,0,0,0,1,94.505997,94.505997,8.29,33.290001,0.25369999,0.1498,0.68169999,2.3013999,6250.0015,1,-104.3406211,-1.043406211
1156,2,2.29,0.4522,0,1,0,0,2.29,2.29,70.989998,105.99,0.53329998,0.4522,0.2413,1.0266,1249.9998,0,383.4792932,3.834792932
1157,4,33.290001,2.3013999,0,0,0,1,94.505997,94.505997,8.29,33.290001,0.25369999,0.1498,0.68169999,2.3013999,6250.0015,1,-104.3406211,-1.043406211
1158,2,1.29,0.4522,0,1,0,0,1.29,1.29,39.990002,74.989998,0.53329998,0.4522,0.1665,0.39750001,416.66669,0,406.2712526,4.062712526
1162,4,74.571999,2.3013999,0,0,0,1,32.076,32.076,49.571999,74.571999,0.25369999,0.1498,0.68169999,2.3013999,5416.6665,1,84.36570013,0.843657001
1164,2,23.275999,0.1498,0,1,0,0,23.275999,23.275999,100.51,119.01,0.25369999,0.1498,0.0082,0.0044,3750,0,163.1784779,1.631784779
1166,4,55.888,2.3013999,0,0,0,1,97.811996,97.811996,30.888,55.888,0.25369999,0.1498,0.68169999,2.3013999,2916.6665,1,-55.96975399,-0.55969754
1167,2,52.487999,0.4522,0,1,0,0,52.487999,52.487999,309.09601,344.09601,0.53329998,0.4522,0.0156,0.0058,5416.6665,0,188.0336164,1.880336164
1169,4,132.812,1.0905,0,0,0,1,181.896,181.896,97.811996,132.812,0.0678,0.078900002,0.089699998,1.0905,2916.6665,1,-31.45005008,-0.314500501
1170,2,23.688,0.4522,0,1,0,0,23.688,23.688,139.496,174.496,0.53329998,0.4522,0.2413,1.0266,2083.3333,0,199.6933228,1.996933228
1173,4,63.902,0.0219,0,0,0,1,45.402,45.402,45.402,63.902,0.25369999,0.1498,0.0233,0.0219,2083.3333,1,34.17945029,0.341794503
1176,4,149.40199,0.0209,0,0,0,1,121.034,121.034,114.402,149.40199,0.0678,0.078900002,0.0102,0.0209,6250.0015,1,21.05690947,0.210569095
1178,2,150.23599,0.4522,0,1,0,0,150.23599,150.23599,250.746,285.746,0.53329998,0.4522,0.2413,1.0266,3750,0,64.28959799,0.64289598
1180,2,65.036003,0.4522,0,1,0,0,65.036003,65.036003,108.546,143.54601,0.53329998,0.4522,0.2413,1.0266,1249.9998,0,79.17146021,0.791714602
